i,Cifs2ACL,date,gpfsFsyncRange,gpfsInodeDelete,gpfsSwapdEnqueue,gpfs_f_fsync,gpfs_f_llseek,gpfs_f_open,gpfs_f_rdwr,gpfs_f_release,gpfs_i_create,gpfs_i_getattr,gpfs_i_lookup,gpfs_i_mkdir,gpfs_i_permission,gpfs_i_unlink,gpfs_s_delete_inode,gpfs_s_read_inode2
0,0.0,2017-12-03-23-31-31,0.0,0.0,2.0,0.0,0.0,0.0,0.0,0.0,0.0,0.0,0.0,0.0,0.0,0.0,0.0,0.0
1,0.0,2017-12-03-23-31-32,0.0,0.0,0.0,0.0,0.0,0.0,0.0,0.0,0.0,0.0,2.0,0.0,2.0,0.0,0.0,0.0
2,2754.0,2017-12-03-23-31-33,0.0,0.0,0.0,0.0,0.0,5503.0,5502.0,5502.0,5504.0,0.0,5506.0,4.0,0.0,0.0,0.0,5508.0
3,2087.0,2017-12-03-23-31-34,0.0,0.0,0.0,0.0,0.0,4175.0,4175.0,4174.0,4174.0,0.0,4174.0,0.0,0.0,0.0,0.0,4174.0
4,1238.0,2017-12-03-23-31-35,0.0,0.0,0.0,0.0,0.0,2436.0,2436.0,2436.0,2436.0,0.0,2436.0,0.0,0.0,0.0,0.0,2436.0
5,1772.0,2017-12-03-23-31-36,0.0,0.0,0.0,0.0,0.0,3544.0,3544.0,3544.0,3544.0,0.0,3544.0,0.0,0.0,0.0,0.0,3544.0
6,1817.0,2017-12-03-23-31-37,0.0,0.0,0.0,0.0,0.0,3634.0,3634.0,3634.0,3634.0,0.0,3634.0,0.0,0.0,0.0,0.0,3634.0
7,914.0,2017-12-03-23-31-38,0.0,0.0,0.0,0.0,0.0,1828.0,1828.0,1828.0,1828.0,0.0,1828.0,0.0,0.0,0.0,0.0,1828.0
8,2342.0,2017-12-03-23-31-39,0.0,0.0,0.0,0.0,0.0,4284.0,4284.0,4284.0,4284.0,0.0,4284.0,0.0,0.0,0.0,0.0,4284.0
9,1523.0,2017-12-03-23-31-40,0.0,0.0,1.0,0.0,0.0,3046.0,3046.0,3046.0,3046.0,0.0,3046.0,0.0,0.0,0.0,2.0,3046.0
10,59.0,2017-12-03-23-31-41,0.0,0.0,0.0,0.0,0.0,118.0,119.0,120.0,119.0,0.0,120.0,0.0,0.0,0.0,0.0,118.0
11,1839.0,2017-12-03-23-31-41,0.0,0.0,0.0,0.0,0.0,3676.0,3676.0,3676.0,3676.0,0.0,3676.0,0.0,0.0,0.0,0.0,3676.0
12,1928.0,2017-12-03-23-31-42,0.0,0.0,0.0,0.0,0.0,3858.0,3857.0,3856.0,3857.0,0.0,3856.0,0.0,0.0,0.0,0.0,3858.0
13,1353.0,2017-12-03-23-31-43,0.0,0.0,0.0,0.0,0.0,2704.0,2705.0,2706.0,2705.0,0.0,2706.0,0.0,0.0,0.0,0.0,2704.0
14,827.0,2017-12-03-23-31-44,0.0,0.0,0.0,0.0,0.0,1656.0,1655.0,1654.0,1655.0,0.0,1654.0,0.0,0.0,0.0,0.0,1656.0
15,2880.0,2017-12-03-23-31-45,0.0,0.0,15.0,0.0,0.0,5760.0,5761.0,5762.0,5760.0,0.0,5760.0,0.0,0.0,0.0,30.0,5760.0
16,1614.0,2017-12-03-23-31-46,0.0,0.0,71.0,0.0,0.0,3228.0,3227.0,3226.0,3228.0,0.0,3228.0,0.0,0.0,0.0,142.0,3228.0
17,1200.0,2017-12-03-23-31-47,0.0,0.0,193.0,0.0,0.0,2400.0,2400.0,2400.0,2400.0,0.0,2400.0,0.0,0.0,0.0,386.0,2400.0
18,981.0,2017-12-03-23-31-48,0.0,0.0,353.0,0.0,0.0,1960.0,1961.0,1962.0,1961.0,0.0,1962.0,0.0,0.0,0.0,706.0,1960.0
19,123.0,2017-12-03-23-31-49,0.0,0.0,65.0,0.0,0.0,243.0,242.0,242.0,243.0,0.0,242.0,0.0,0.0,0.0,130.0,244.0
20,518.0,2017-12-03-23-31-49,0.0,0.0,332.0,0.0,0.0,1037.0,1037.0,1036.0,1036.0,0.0,1036.0,0.0,0.0,0.0,664.0,1036.0
21,2534.0,2017-12-03-23-31-50,0.0,0.0,3834.0,0.0,0.0,5068.0,5068.0,5068.0,5068.0,0.0,5068.0,0.0,0.0,0.0,7668.0,5068.0
22,2395.0,2017-12-03-23-31-51,0.0,0.0,8174.0,0.0,0.0,4388.0,4389.0,4390.0,4389.0,0.0,4390.0,0.0,0.0,0.0,16348.0,4388.0
23,1689.0,2017-12-03-23-31-52,0.0,0.0,2364.0,0.0,0.0,3378.0,3378.0,3378.0,3378.0,0.0,3378.0,0.0,0.0,0.0,6262.0,3378.0
24,1786.0,2017-12-03-23-31-53,0.0,0.0,0.0,0.0,0.0,3572.0,3572.0,3572.0,3572.0,0.0,3572.0,0.0,0.0,0.0,2670.0,3572.0
25,880.0,2017-12-03-23-31-54,0.0,0.0,0.0,0.0,0.0,1760.0,1760.0,1760.0,1760.0,0.0,1760.0,0.0,0.0,0.0,1272.0,1760.0
26,1782.0,2017-12-03-23-31-55,0.0,0.0,0.0,0.0,0.0,3566.0,3566.0,3566.0,3565.0,0.0,3565.0,0.0,0.0,0.0,2382.0,3566.0
27,716.0,2017-12-03-23-31-55,0.0,0.0,0.0,0.0,0.0,1432.0,1431.0,1430.0,1432.0,0.0,1431.0,0.0,0.0,0.0,748.0,1432.0
28,2329.0,2017-12-03-23-31-56,0.0,0.0,0.0,0.0,0.0,4256.0,4257.0,4258.0,4257.0,2.0,4258.0,0.0,0.0,0.0,1858.0,4256.0
29,1341.0,2017-12-03-23-31-57,0.0,0.0,0.0,0.0,0.0,2682.0,2682.0,2682.0,2682.0,0.0,2682.0,0.0,0.0,0.0,1060.0,2682.0
30,1273.0,2017-12-03-23-31-58,0.0,0.0,0.0,0.0,0.0,2548.0,2548.0,2548.0,2547.0,0.0,2547.0,0.0,0.0,0.0,1728.0,2548.0
31,1956.0,2017-12-03-23-31-59,0.0,0.0,0.0,0.0,0.0,3912.0,3912.0,3911.0,3912.0,0.0,3911.0,0.0,0.0,0.0,2370.0,3912.0
32,1002.0,2017-12-03-23-32-00,0.0,0.0,0.0,0.0,0.0,2004.0,2004.0,2005.0,2004.0,0.0,2004.0,0.0,0.0,0.0,718.0,2004.0
33,2942.0,2017-12-03-23-32-01,0.0,0.0,1.0,0.0,0.0,5883.0,5882.0,5882.0,5884.0,0.0,5884.0,0.0,0.0,0.0,2440.0,5884.0
34,1586.0,2017-12-03-23-32-02,0.0,0.0,0.0,0.0,0.0,3173.0,3174.0,3172.0,3172.0,0.0,3172.0,0.0,0.0,0.0,2350.0,3172.0
35,1260.0,2017-12-03-23-32-02,0.0,0.0,0.0,0.0,0.0,2520.0,2520.0,2522.0,2520.0,0.0,2523.0,0.0,0.0,0.0,1596.0,2520.0
36,1634.0,2017-12-03-23-32-03,0.0,0.0,0.0,0.0,0.0,3267.0,3266.0,3266.0,3268.0,0.0,3267.0,0.0,0.0,0.0,1756.0,3268.0
37,1861.0,2017-12-03-23-32-04,0.0,0.0,0.0,0.0,0.0,3723.0,3722.0,3722.0,3723.0,0.0,3722.0,0.0,0.0,0.0,1646.0,3720.0
38,1054.0,2017-12-03-23-32-05,0.0,0.0,0.0,0.0,0.0,2308.0,2308.0,2308.0,2308.0,0.0,2308.0,0.0,0.0,0.0,688.0,2308.0
39,2288.0,2017-12-03-23-32-06,0.0,0.0,13.0,0.0,0.0,4577.0,4576.0,4576.0,4577.0,0.0,4576.0,0.0,0.0,0.0,1292.0,4578.0
40,1972.0,2017-12-03-23-32-07,0.0,0.0,186.0,0.0,0.0,3943.0,3944.0,3944.0,3943.0,0.0,3944.0,0.0,0.0,0.0,1692.0,3942.0
41,1858.0,2017-12-03-23-32-08,0.0,0.0,917.0,0.0,0.0,3716.0,3716.0,3716.0,3716.0,0.0,3716.0,0.0,0.0,0.0,3872.0,3716.0
42,1359.0,2017-12-03-23-32-09,0.0,0.0,3079.0,0.0,0.0,2719.0,2718.0,2718.0,2719.0,0.0,2718.0,0.0,0.0,0.0,8296.0,2720.0
43,2820.0,2017-12-03-23-32-10,0.0,0.0,18101.0,0.0,0.0,5641.0,5641.0,5640.0,5640.0,0.0,5640.0,0.0,0.0,0.0,37918.0,5640.0
44,3106.0,2017-12-03-23-32-11,0.0,0.0,1055.0,0.0,0.0,6231.0,6231.0,6232.0,6232.0,0.0,6236.0,0.0,0.0,0.0,5010.0,6232.0
45,2830.0,2017-12-03-23-32-12,0.0,0.0,0.0,0.0,0.0,5661.0,5661.0,5660.0,5660.0,0.0,5660.0,0.0,0.0,0.0,2868.0,5660.0
46,1187.0,2017-12-03-23-32-13,0.0,0.0,0.0,0.0,0.0,2373.0,2373.0,2374.0,2374.0,0.0,2374.0,0.0,0.0,0.0,1232.0,2374.0
47,491.0,2017-12-03-23-32-13,0.0,0.0,0.0,0.0,0.0,981.0,982.0,982.0,981.0,0.0,982.0,0.0,0.0,0.0,370.0,980.0
48,1004.0,2017-12-03-23-32-14,0.0,0.0,0.0,0.0,0.0,2008.0,2008.0,2008.0,2008.0,0.0,2008.0,0.0,0.0,0.0,1082.0,2008.0
49,990.0,2017-12-03-23-32-15,0.0,0.0,0.0,0.0,0.0,1982.0,1981.0,1980.0,1981.0,0.0,1980.0,0.0,0.0,0.0,820.0,1982.0
50,3065.0,2017-12-03-23-32-16,0.0,0.0,0.0,0.0,0.0,6129.0,6129.0,6130.0,6130.0,0.0,6130.0,0.0,0.0,0.0,2230.0,6130.0
51,2237.0,2017-12-03-23-32-17,0.0,0.0,0.0,0.0,0.0,4474.0,4474.0,4474.0,4474.0,0.0,4474.0,0.0,0.0,0.0,1446.0,4474.0
52,1587.0,2017-12-03-23-32-18,0.0,0.0,0.0,0.0,0.0,3175.0,3176.0,3176.0,3174.0,0.0,3175.0,0.0,0.0,0.0,896.0,3174.0
53,1904.0,2017-12-03-23-32-19,0.0,0.0,1.0,0.0,0.0,3808.0,3808.0,3808.0,3808.0,0.0,3807.0,0.0,0.0,0.0,944.0,3808.0
54,1741.0,2017-12-03-23-32-20,0.0,0.0,1.0,0.0,0.0,3480.0,3480.0,3480.0,3481.0,0.0,3482.0,0.0,0.0,0.0,668.0,3480.0
55,1292.0,2017-12-03-23-32-23,0.0,0.0,1.0,0.0,0.0,2584.0,2584.0,2584.0,2584.0,0.0,2584.0,0.0,0.0,0.0,392.0,2584.0
56,2424.0,2017-12-03-23-32-22,0.0,0.0,9.0,0.0,0.0,4850.0,4849.0,4848.0,4849.0,0.0,4848.0,0.0,0.0,0.0,726.0,4850.0
57,2549.0,2017-12-03-23-32-23,0.0,0.0,112.0,0.0,0.0,5096.0,5097.0,5098.0,5097.0,0.0,5098.0,0.0,0.0,0.0,1304.0,5096.0
58,1316.0,2017-12-03-23-32-24,0.0,0.0,115.0,0.0,0.0,2632.0,2632.0,2632.0,2632.0,0.0,2632.0,0.0,0.0,0.0,812.0,2632.0
59,1552.0,2017-12-03-23-32-25,0.0,0.0,383.0,0.0,0.0,3106.0,3105.0,3104.0,3105.0,0.0,3104.0,0.0,0.0,0.0,1640.0,3106.0
60,2762.0,2017-12-03-23-32-26,0.0,0.0,3142.0,0.0,0.0,5522.0,5523.0,5524.0,5523.0,0.0,5524.0,0.0,0.0,0.0,8794.0,5522.0
61,226.0,2017-12-03-23-32-26,0.0,0.0,750.0,0.0,0.0,454.0,453.0,452.0,453.0,0.0,452.0,0.0,0.0,0.0,1820.0,454.0
62,3033.0,2017-12-03-23-32-27,0.0,0.0,17451.0,0.0,0.0,6066.0,6066.0,6066.0,6066.0,0.0,6066.0,0.0,0.0,0.0,36958.0,6066.0
63,3223.0,2017-12-03-23-32-28,0.0,0.0,407.0,0.0,0.0,6444.0,6445.0,6446.0,6445.0,0.0,6446.0,0.0,0.0,0.0,4618.0,6444.0
64,1886.0,2017-12-03-23-32-29,0.0,0.0,0.0,0.0,0.0,3772.0,3772.0,3772.0,3772.0,0.0,3772.0,0.0,0.0,0.0,2308.0,3772.0
65,1808.0,2017-12-03-23-32-30,0.0,0.0,0.0,0.0,0.0,3616.0,3616.0,3616.0,3616.0,0.0,3616.0,0.0,0.0,0.0,1770.0,3616.0
66,682.0,2017-12-03-23-32-31,0.0,0.0,0.0,0.0,0.0,1366.0,1365.0,1364.0,1365.0,0.0,1364.0,0.0,0.0,0.0,604.0,1366.0
67,2653.0,2017-12-03-23-32-31,0.0,0.0,0.0,0.0,0.0,5305.0,5305.0,5306.0,5306.0,0.0,5306.0,0.0,0.0,0.0,2274.0,5306.0
68,1032.0,2017-12-03-23-32-32,0.0,0.0,0.0,0.0,0.0,2063.0,2064.0,2064.0,2064.0,0.0,2064.0,0.0,0.0,0.0,740.0,2064.0
69,3204.0,2017-12-03-23-32-33,0.0,0.0,0.0,0.0,0.0,6409.0,6408.0,6408.0,6408.0,0.0,6408.0,0.0,0.0,0.0,2382.0,6408.0
70,1478.0,2017-12-03-23-32-34,0.0,0.0,0.0,0.0,0.0,2955.0,2956.0,2956.0,2955.0,0.0,2956.0,0.0,0.0,0.0,748.0,2954.0
71,1652.0,2017-12-03-23-32-35,0.0,0.0,1.0,0.0,0.0,3306.0,3305.0,3304.0,3305.0,0.0,3304.0,0.0,0.0,0.0,976.0,3306.0
72,1833.0,2017-12-03-23-32-36,0.0,0.0,1.0,0.0,0.0,3664.0,3665.0,3666.0,3665.0,0.0,3666.0,0.0,0.0,0.0,1014.0,3664.0
73,531.0,2017-12-03-23-32-37,0.0,0.0,0.0,0.0,0.0,1062.0,1062.0,1062.0,1062.0,0.0,1062.0,0.0,0.0,0.0,220.0,1063.0
74,471.0,2017-12-03-23-32-37,0.0,0.0,0.0,0.0,0.0,944.0,943.0,942.0,943.0,0.0,942.0,0.0,0.0,0.0,230.0,943.0
75,3149.0,2017-12-03-23-32-38,0.0,0.0,38.0,0.0,0.0,6296.0,6297.0,6298.0,6297.0,0.0,6298.0,0.0,0.0,0.0,1372.0,6296.0
76,2290.0,2017-12-03-23-32-39,0.0,0.0,60.0,0.0,0.0,4581.0,4580.0,4580.0,4581.0,0.0,4580.0,0.0,0.0,0.0,1086.0,4582.0
77,1356.0,2017-12-03-23-32-40,0.0,0.0,111.0,0.0,0.0,2713.0,2714.0,2714.0,2712.0,0.0,2713.0,0.0,0.0,0.0,814.0,2712.0
78,1532.0,2017-12-03-23-32-41,0.0,0.0,291.0,0.0,0.0,3063.0,3062.0,3062.0,3064.0,0.0,3063.0,0.0,0.0,0.0,1384.0,3064.0
79,1939.0,2017-12-03-23-32-42,0.0,0.0,1183.0,0.0,0.0,3877.0,3878.0,3878.0,3877.0,0.0,3878.0,0.0,0.0,0.0,3770.0,3876.0
80,1475.0,2017-12-03-23-32-43,0.0,0.0,3372.0,0.0,0.0,2951.0,2950.0,2950.0,2951.0,0.0,2950.0,0.0,0.0,0.0,8532.0,2952.0
81,1546.0,2017-12-03-23-32-43,0.0,0.0,13311.0,0.0,0.0,3091.0,3092.0,3092.0,3091.0,0.0,3092.0,0.0,0.0,0.0,28112.0,3090.0
82,3318.0,2017-12-03-23-32-44,0.0,0.0,93.0,0.0,0.0,6636.0,6636.0,6636.0,6636.0,0.0,6636.0,0.0,0.0,0.0,5346.0,6636.0
83,1850.0,2017-12-03-23-32-45,0.0,0.0,0.0,0.0,0.0,3700.0,3700.0,3700.0,3700.0,0.0,3700.0,0.0,0.0,0.0,2596.0,3700.0
84,1390.0,2017-12-03-23-32-46,0.0,0.0,0.0,0.0,0.0,2782.0,2781.0,2780.0,2781.0,0.0,2780.0,0.0,0.0,0.0,1824.0,2782.0
85,3263.0,2017-12-03-23-32-47,0.0,0.0,0.0,0.0,0.0,6525.0,6525.0,6526.0,6526.0,0.0,6526.0,0.0,0.0,0.0,3771.0,6526.0
86,78.0,2017-12-03-23-32-47,0.0,0.0,0.0,0.0,0.0,155.0,156.0,156.0,155.0,0.0,156.0,0.0,0.0,0.0,95.0,154.0
87,1862.0,2017-12-03-23-32-48,0.0,0.0,0.0,0.0,0.0,3726.0,3725.0,3724.0,3725.0,0.0,3724.0,0.0,0.0,0.0,2018.0,3726.0
88,1897.0,2017-12-03-23-32-49,0.0,0.0,0.0,0.0,0.0,3792.0,3793.0,3794.0,3793.0,0.0,3794.0,0.0,0.0,0.0,1426.0,3792.0
89,1847.0,2017-12-03-23-32-50,0.0,0.0,0.0,0.0,0.0,3694.0,3694.0,3694.0,3694.0,0.0,3694.0,0.0,0.0,0.0,1894.0,3694.0
90,861.0,2017-12-03-23-32-51,0.0,0.0,0.0,0.0,0.0,1722.0,1722.0,1722.0,1722.0,0.0,1722.0,0.0,0.0,0.0,774.0,1722.0
91,2355.0,2017-12-03-23-32-52,0.0,0.0,0.0,0.0,0.0,4711.0,4710.0,4710.0,4711.0,0.0,4710.0,0.0,0.0,0.0,1650.0,4712.0
92,2699.0,2017-12-03-23-32-53,0.0,0.0,1.0,0.0,0.0,5398.0,5398.0,5398.0,5398.0,0.0,5398.0,0.0,0.0,0.0,1356.0,5398.0
93,910.0,2017-12-03-23-32-54,0.0,0.0,1.0,0.0,0.0,1820.0,1820.0,1820.0,1820.0,0.0,1820.0,0.0,0.0,0.0,610.0,1820.0
94,1392.0,2017-12-03-23-32-54,0.0,0.0,0.0,0.0,0.0,2783.0,2784.0,2784.0,2783.0,0.0,2784.0,0.0,0.0,0.0,960.0,2782.0
95,1703.0,2017-12-03-23-32-55,0.0,0.0,28.0,0.0,0.0,3408.0,3407.0,3406.0,3407.0,0.0,3406.0,0.0,0.0,0.0,986.0,3408.0
96,1489.0,2017-12-03-23-32-56,0.0,0.0,48.0,0.0,0.0,2978.0,2978.0,2978.0,2978.0,0.0,2978.0,0.0,0.0,0.0,802.0,2978.0
97,2732.0,2017-12-03-23-32-57,0.0,0.0,297.0,0.0,0.0,5464.0,5464.0,5464.0,5464.0,0.0,5464.0,0.0,0.0,0.0,1918.0,5464.0
98,919.0,2017-12-03-23-32-58,0.0,0.0,359.0,0.0,0.0,1836.0,1837.0,1838.0,1837.0,0.0,1838.0,0.0,0.0,0.0,1236.0,1836.0
99,2360.0,2017-12-03-23-32-59,0.0,0.0,9311.0,0.0,0.0,4322.0,4322.0,4322.0,4323.0,0.0,4320.0,0.0,0.0,0.0,23076.0,4322.0
100,449.0,2017-12-03-23-33-00,0.0,0.0,7227.0,0.0,0.0,898.0,898.0,898.0,898.0,0.0,899.0,0.0,0.0,0.0,14642.0,898.0
101,2815.0,2017-12-03-23-33-00,0.0,0.0,3234.0,0.0,0.0,5628.0,5628.0,5628.0,5629.0,0.0,5629.0,0.0,0.0,0.0,9912.0,5628.0
102,2983.0,2017-12-03-23-33-01,0.0,0.0,0.0,0.0,0.0,5966.0,5966.0,5966.0,5966.0,0.0,5966.0,0.0,0.0,0.0,4062.0,5966.0
103,2235.0,2017-12-03-23-33-02,0.0,0.0,0.0,0.0,0.0,4431.0,4430.0,4430.0,4431.0,0.0,4430.0,0.0,0.0,0.0,2676.0,4432.0
104,3156.0,2017-12-03-23-33-03,0.0,0.0,0.0,0.0,0.0,6311.0,6312.0,6312.0,6311.0,0.0,6312.0,0.0,0.0,0.0,3340.0,6310.0
105,1133.0,2017-12-03-23-33-04,0.0,0.0,0.0,0.0,0.0,2268.0,2268.0,2268.0,2267.0,0.0,2268.0,0.0,0.0,0.0,1054.0,2268.0
106,280.0,2017-12-03-23-33-04,0.0,0.0,0.0,0.0,0.0,558.0,558.0,558.0,559.0,0.0,558.0,0.0,0.0,0.0,256.0,558.0
107,2220.0,2017-12-03-23-33-05,0.0,0.0,0.0,0.0,0.0,4441.0,4440.0,4440.0,4441.0,0.0,4440.0,0.0,0.0,0.0,1930.0,4442.0
108,1491.0,2017-12-03-23-33-06,0.0,0.0,0.0,0.0,0.0,2981.0,2982.0,2982.0,2981.0,0.0,2982.0,0.0,0.0,0.0,1020.0,2980.0
109,1840.0,2017-12-03-23-33-07,0.0,0.0,0.0,0.0,0.0,3681.0,3680.0,3680.0,3681.0,0.0,3680.0,0.0,0.0,0.0,860.0,3682.0
110,2678.0,2017-12-03-23-33-08,0.0,0.0,0.0,0.0,0.0,5355.0,5356.0,5356.0,5355.0,0.0,5356.0,0.0,0.0,0.0,1362.0,5354.0
111,2587.0,2017-12-03-23-33-09,0.0,0.0,1.0,0.0,0.0,5174.0,5174.0,5174.0,5174.0,0.0,5174.0,0.0,0.0,0.0,1288.0,5174.0
112,1681.0,2017-12-03-23-33-10,0.0,0.0,0.0,0.0,0.0,3362.0,3362.0,3362.0,3362.0,0.0,3362.0,0.0,0.0,0.0,706.0,3364.0
113,958.0,2017-12-03-23-33-10,0.0,0.0,10.0,0.0,0.0,1917.0,1916.0,1916.0,1917.0,0.0,1916.0,0.0,0.0,0.0,370.0,1916.0
114,1751.0,2017-12-03-23-33-11,0.0,0.0,60.0,0.0,0.0,3501.0,3502.0,3502.0,3501.0,0.0,3502.0,0.0,0.0,0.0,686.0,3500.0
115,1441.0,2017-12-03-23-33-12,0.0,0.0,92.0,0.0,0.0,2882.0,2882.0,2882.0,2882.0,0.0,2882.0,0.0,0.0,0.0,620.0,2882.0
116,2535.0,2017-12-03-23-33-13,0.0,0.0,1135.0,0.0,0.0,5070.0,5070.0,5070.0,5070.0,0.0,5070.0,0.0,0.0,0.0,3442.0,5070.0
117,2447.0,2017-12-03-23-33-14,0.0,0.0,19051.0,0.0,0.0,4894.0,4894.0,4894.0,4894.0,0.0,4894.0,0.0,0.0,0.0,40066.0,4894.0
118,1188.0,2017-12-03-23-33-15,0.0,0.0,2657.0,0.0,0.0,2376.0,2376.0,2376.0,2377.0,0.0,2376.0,0.0,0.0,0.0,5688.0,2378.0
119,1924.0,2017-12-03-23-33-15,0.0,0.0,0.0,0.0,0.0,3848.0,3848.0,3848.0,3847.0,0.0,3848.0,0.0,0.0,0.0,2512.0,3846.0
120,2581.0,2017-12-03-23-33-16,0.0,0.0,0.0,0.0,0.0,5163.0,5162.0,5162.0,5163.0,0.0,5162.0,0.0,0.0,0.0,2990.0,5164.0
121,292.0,2017-12-03-23-33-17,0.0,0.0,0.0,0.0,0.0,585.0,586.0,586.0,584.0,0.0,584.0,0.0,0.0,0.0,346.0,584.0
122,192.0,2017-12-03-23-33-18,378.0,197.0,0.0,752.0,1494.0,1123.0,2232.0,1112.0,383.0,756.0,1300.0,0.0,0.0,394.0,980.0,1270.0
123,238.0,2017-12-03-23-33-19,480.0,235.0,0.0,963.0,1924.0,1441.0,2888.0,1448.0,477.0,960.0,1605.0,0.0,0.0,470.0,1152.0,1530.0
124,329.0,2017-12-03-23-33-20,651.0,329.0,0.0,1295.0,2596.0,1952.0,3890.0,1938.0,658.0,1302.0,2068.0,0.0,0.0,658.0,1448.0,2010.0
125,201.0,2017-12-03-23-33-23,407.0,203.0,0.0,820.0,1644.0,1230.0,2471.0,1240.0,402.0,816.0,1378.0,0.0,0.0,406.0,898.0,1348.0
126,259.0,2017-12-03-23-33-22,516.0,256.0,0.0,1032.0,2050.0,1538.0,3065.0,1536.0,518.0,1030.0,1714.0,0.0,0.0,512.0,1076.0,1684.0
127,184.0,2017-12-03-23-33-23,368.0,185.0,0.0,737.0,1472.0,1104.0,2231.0,1108.0,368.0,736.0,1250.0,0.0,0.0,370.0,734.0,1238.0
128,172.0,2017-12-03-23-33-24,342.0,172.0,0.0,683.0,1366.0,1026.0,2048.0,1024.0,344.0,684.0,1126.0,0.0,0.0,344.0,646.0,1104.0
129,56.0,2017-12-03-23-33-25,110.0,54.0,0.0,237.0,436.0,326.0,654.0,320.0,111.0,220.0,331.0,0.0,0.0,108.0,200.0,308.0
130,206.0,2017-12-03-23-33-25,413.0,209.0,0.0,826.0,1658.0,1246.0,2488.0,1246.0,413.0,826.0,1407.0,0.0,0.0,418.0,748.0,1366.0
131,285.0,2017-12-03-23-33-26,573.0,283.0,0.0,1146.0,2298.0,1720.0,3447.0,1718.0,570.0,1148.0,1826.0,0.0,0.0,566.0,928.0,1778.0
132,276.0,2017-12-03-23-33-27,549.0,275.0,0.0,1099.0,2388.0,1642.0,3275.0,1642.0,552.0,1098.0,1822.0,0.0,0.0,550.0,862.0,1794.0
133,304.0,2017-12-03-23-33-28,612.0,310.0,0.0,1226.0,2456.0,1842.0,3697.0,1852.0,608.0,1222.0,2052.0,0.0,0.0,620.0,868.0,2006.0
134,389.0,2017-12-03-23-33-29,779.0,384.0,0.0,1558.0,3114.0,2334.0,4669.0,2332.0,778.0,1558.0,2520.0,0.0,0.0,768.0,1084.0,2478.0
135,253.0,2017-12-03-23-33-30,507.0,259.0,0.0,1016.0,2030.0,1524.0,3049.0,1530.0,506.0,1012.0,1748.0,0.0,0.0,518.0,738.0,1746.0
136,240.0,2017-12-03-23-33-31,481.0,236.0,0.0,960.0,1924.0,1442.0,2886.0,1438.0,480.0,962.0,1630.0,0.0,0.0,472.0,644.0,1610.0
137,283.0,2017-12-03-23-33-32,562.0,282.0,0.0,1123.0,2242.0,1684.0,3360.0,1682.0,566.0,1124.0,1888.0,0.0,0.0,564.0,758.0,1846.0
138,255.0,2017-12-03-23-33-33,511.0,255.0,1.0,1018.0,2038.0,1527.0,3054.0,1518.0,510.0,1022.0,1650.0,0.0,0.0,510.0,1018.0,1624.0
139,272.0,2017-12-03-23-33-34,542.0,271.0,0.0,1087.0,2368.0,1627.0,3252.0,1634.0,544.0,1084.0,1788.0,0.0,0.0,542.0,1248.0,1748.0
140,105.0,2017-12-03-23-33-35,231.0,105.0,0.0,423.0,852.0,638.0,1276.0,632.0,230.0,424.0,683.0,0.0,0.0,231.0,478.0,670.0
141,166.0,2017-12-03-23-33-35,325.0,166.0,0.0,653.0,1298.0,980.0,1943.0,984.0,332.0,650.0,1083.0,0.0,0.0,331.0,710.0,1070.0
142,269.0,2017-12-03-23-33-36,546.0,269.0,0.0,1091.0,2388.0,1636.0,3290.0,1638.0,538.0,1090.0,1866.0,0.0,0.0,538.0,1176.0,1850.0
143,265.0,2017-12-03-23-33-37,529.0,267.0,0.0,1060.0,2320.0,1590.0,3179.0,1592.0,530.0,1060.0,1829.0,0.0,0.0,535.0,1098.0,1816.0
144,247.0,2017-12-03-23-33-38,491.0,244.0,0.0,979.0,1960.0,1468.0,2935.0,1460.0,494.0,986.0,1653.0,0.0,0.0,487.0,906.0,1624.0
145,281.0,2017-12-03-23-33-39,567.0,285.0,0.0,1136.0,2270.0,1704.0,3412.0,1712.0,562.0,1128.0,1936.0,0.0,0.0,570.0,1014.0,1932.0
146,313.0,2017-12-03-23-33-40,623.0,313.0,0.0,1246.0,2490.0,1870.0,3731.0,1868.0,626.0,1246.0,2074.0,0.0,0.0,626.0,1012.0,2028.0
147,263.0,2017-12-03-23-33-41,528.0,262.0,0.0,1056.0,2306.0,1577.0,3162.0,1580.0,526.0,1056.0,1770.0,0.0,0.0,524.0,848.0,1758.0
148,252.0,2017-12-03-23-33-42,501.0,252.0,0.0,1000.0,2014.0,1512.0,3023.0,1506.0,504.0,1004.0,1702.0,0.0,0.0,504.0,744.0,1688.0
149,261.0,2017-12-03-23-33-43,529.0,259.0,0.0,1060.0,2310.0,1577.0,3165.0,1584.0,522.0,1056.0,1766.0,0.0,0.0,518.0,780.0,1732.0
150,263.0,2017-12-03-23-33-44,520.0,263.0,4.0,1035.0,2076.0,1561.0,3106.0,1546.0,526.0,1040.0,1786.0,0.0,0.0,526.0,782.0,1780.0
151,230.0,2017-12-03-23-33-45,423.0,235.0,12.0,852.0,1696.0,1274.0,2551.0,1288.0,420.0,844.0,1437.0,0.0,0.0,430.0,642.0,1436.0
152,100.0,2017-12-03-23-33-45,199.0,95.0,3.0,398.0,794.0,593.0,1190.0,594.0,200.0,400.0,667.0,0.0,0.0,190.0,272.0,666.0
153,268.0,2017-12-03-23-33-46,534.0,268.0,37.0,1065.0,2328.0,1598.0,3190.0,1592.0,536.0,1066.0,1812.0,0.0,0.0,536.0,884.0,1808.0
154,247.0,2017-12-03-23-33-47,492.0,247.0,99.0,978.0,1968.0,1478.0,2953.0,1468.0,494.0,984.0,1678.0,0.0,0.0,494.0,1012.0,1654.0
155,275.0,2017-12-03-23-33-48,555.0,276.0,223.0,1115.0,2228.0,1668.0,3343.0,1676.0,550.0,1110.0,1816.0,0.0,0.0,552.0,1446.0,1798.0
156,232.0,2017-12-03-23-33-49,458.0,232.0,391.0,915.0,1826.0,1374.0,2730.0,1368.0,464.0,916.0,1558.0,0.0,0.0,464.0,1630.0,1548.0
157,237.0,2017-12-03-23-33-50,479.0,237.0,573.0,963.0,1924.0,1440.0,2896.0,1454.0,474.0,958.0,1646.0,0.0,0.0,474.0,2046.0,1646.0
158,252.0,2017-12-03-23-33-51,506.0,255.0,1025.0,1010.0,2024.0,1516.0,3039.0,1514.0,504.0,1012.0,1800.0,0.0,0.0,510.0,3244.0,1800.0
159,269.0,2017-12-03-23-33-52,538.0,268.0,1778.0,1075.0,2352.0,1616.0,3230.0,1614.0,538.0,1074.0,1836.0,0.0,0.0,536.0,4698.0,1822.0
160,267.0,2017-12-03-23-33-53,534.0,268.0,2286.0,1069.0,2332.0,1598.0,3196.0,1600.0,534.0,1068.0,1742.0,0.0,0.0,536.0,5606.0,1734.0
161,261.0,2017-12-03-23-33-54,523.0,257.0,2338.0,1041.0,2080.0,1558.0,3106.0,1548.0,522.0,1044.0,1788.0,0.0,0.0,514.0,5486.0,1786.0
162,159.0,2017-12-03-23-33-55,314.0,159.0,1297.0,630.0,1252.0,944.0,1888.0,951.0,318.0,626.0,1052.0,0.0,0.0,318.0,3018.0,1052.0
163,71.0,2017-12-03-23-33-55,140.0,71.0,603.0,280.0,556.0,418.0,832.0,423.0,142.0,280.0,484.0,0.0,0.0,142.0,1398.0,484.0
164,229.0,2017-12-03-23-33-56,461.0,232.0,1789.0,922.0,1858.0,1392.0,2791.0,1390.0,458.0,924.0,1652.0,0.0,0.0,464.0,4138.0,1652.0
165,207.0,2017-12-03-23-33-57,418.0,232.0,1414.0,838.0,1678.0,1258.0,2520.0,1262.0,414.0,834.0,1500.0,0.0,0.0,424.0,3296.0,1500.0
166,240.0,2017-12-03-23-33-58,477.0,237.0,1501.0,951.0,1904.0,1428.0,2854.0,1422.0,480.0,956.0,1722.0,0.0,0.0,474.0,3496.0,1722.0
167,227.0,2017-12-03-23-33-59,457.0,223.0,1268.0,916.0,1822.0,1364.0,2730.0,1368.0,454.0,912.0,1690.0,0.0,0.0,446.0,2988.0,1690.0
168,246.0,2017-12-03-23-34-00,487.0,246.0,1080.0,963.0,1942.0,1460.0,2910.0,1438.0,492.0,974.0,1784.0,0.0,0.0,492.0,2658.0,1784.0
169,265.0,2017-12-03-23-34-01,537.0,267.0,896.0,1085.0,2362.0,1618.0,3253.0,1642.0,530.0,1074.0,1974.0,0.0,0.0,534.0,2334.0,1974.0
170,291.0,2017-12-03-23-34-02,578.0,289.0,475.0,1156.0,2306.0,1730.0,3450.0,1726.0,582.0,1158.0,2240.0,0.0,0.0,578.0,1902.0,2368.0
171,277.0,2017-12-03-23-34-03,555.0,275.0,0.0,1110.0,2238.0,1662.0,3326.0,1662.0,554.0,1110.0,2232.0,0.0,0.0,550.0,1164.0,2078.0
172,249.0,2017-12-03-23-34-04,496.0,252.0,0.0,988.0,1986.0,1492.0,2978.0,1484.0,497.0,990.0,1997.0,0.0,0.0,504.0,1080.0,1892.0
173,255.0,2017-12-03-23-34-05,511.0,255.0,0.0,1024.0,2038.0,1528.0,3060.0,1536.0,511.0,1022.0,2037.0,0.0,0.0,510.0,1070.0,1926.0
174,65.0,2017-12-03-23-34-06,127.0,65.0,0.0,256.0,508.0,384.0,762.0,388.0,130.0,254.0,514.0,0.0,0.0,130.0,272.0,480.0
175,183.0,2017-12-03-23-34-06,370.0,186.0,0.0,737.0,1490.0,1116.0,2240.0,1110.0,366.0,740.0,1488.0,0.0,0.0,372.0,750.0,1390.0
176,252.0,2017-12-03-23-34-07,504.0,246.0,0.0,1011.0,2006.0,1502.0,2998.0,1503.0,504.0,1008.0,1994.0,0.0,0.0,492.0,984.0,1874.0
177,235.0,2017-12-03-23-34-08,473.0,239.0,0.0,944.0,1896.0,1420.0,2852.0,1423.0,470.0,946.0,1898.0,0.0,0.0,478.0,900.0,1790.0
178,199.0,2017-12-03-23-34-09,392.0,196.0,0.0,783.0,1558.0,1172.0,2332.0,1170.0,398.0,784.0,1564.0,0.0,0.0,392.0,758.0,1468.0
179,198.0,2017-12-03-23-34-10,400.0,203.0,0.0,804.0,1620.0,1234.0,2437.0,1220.0,396.0,802.0,1620.0,0.0,0.0,406.0,776.0,1546.0
180,185.0,2017-12-03-23-34-11,370.0,182.0,0.0,739.0,1476.0,1106.0,2209.0,1102.0,370.0,740.0,1470.0,0.0,0.0,364.0,684.0,1372.0
181,237.0,2017-12-03-23-34-12,435.0,239.0,0.0,871.0,1738.0,1304.0,2612.0,1310.0,434.0,868.0,1742.0,0.0,0.0,438.0,812.0,1644.0
182,243.0,2017-12-03-23-34-13,482.0,240.0,0.0,960.0,1922.0,1444.0,2874.0,1432.0,486.0,964.0,1924.0,0.0,0.0,480.0,856.0,1830.0
183,196.0,2017-12-03-23-34-14,395.0,197.0,0.0,794.0,1582.0,1184.0,2380.0,1196.0,392.0,790.0,1578.0,0.0,0.0,394.0,716.0,1478.0
184,231.0,2017-12-03-23-34-15,458.0,230.0,0.0,912.0,1830.0,1376.0,2744.0,1368.0,462.0,916.0,1836.0,0.0,0.0,460.0,838.0,1698.0
185,229.0,2017-12-03-23-34-16,457.0,228.0,1.0,917.0,1834.0,1374.0,2748.0,1376.0,458.0,918.0,1830.0,0.0,0.0,456.0,890.0,1682.0
186,243.0,2017-12-03-23-34-17,489.0,245.0,0.0,978.0,1956.0,1468.0,2937.0,1470.0,486.0,974.0,1958.0,0.0,0.0,490.0,1328.0,1782.0
187,131.0,2017-12-03-23-34-18,260.0,132.0,0.0,517.0,1040.0,781.0,1557.0,772.0,262.0,522.0,1046.0,0.0,0.0,264.0,698.0,938.0
188,109.0,2017-12-03-23-34-18,223.0,107.0,0.0,444.0,884.0,661.0,1329.0,668.0,238.0,440.0,874.0,0.0,0.0,234.0,546.0,780.0
189,222.0,2017-12-03-23-34-19,443.0,224.0,0.0,886.0,1768.0,1326.0,2653.0,1328.0,444.0,886.0,1774.0,0.0,0.0,448.0,1094.0,1590.0
190,256.0,2017-12-03-23-34-20,506.0,255.0,0.0,1010.0,2026.0,1522.0,3031.0,1512.0,512.0,1016.0,2032.0,0.0,0.0,510.0,1134.0,1806.0
191,243.0,2017-12-03-23-34-23,494.0,244.0,0.0,990.0,1978.0,1480.0,2974.0,1488.0,486.0,984.0,1968.0,0.0,0.0,488.0,970.0,1684.0
192,184.0,2017-12-03-23-34-22,370.0,182.0,0.0,740.0,1476.0,1104.0,2235.0,1106.0,368.0,740.0,1468.0,0.0,0.0,364.0,706.0,1264.0
193,222.0,2017-12-03-23-34-23,438.0,220.0,0.0,876.0,1746.0,1314.0,2616.0,1314.0,444.0,876.0,1754.0,0.0,0.0,440.0,802.0,1524.0
194,183.0,2017-12-03-23-34-24,369.0,186.0,0.0,740.0,1490.0,1116.0,2239.0,1118.0,366.0,740.0,1488.0,0.0,0.0,372.0,634.0,1306.0
195,201.0,2017-12-03-23-34-25,401.0,200.0,0.0,798.0,1596.0,1196.0,2390.0,1188.0,402.0,802.0,1596.0,0.0,0.0,400.0,612.0,1404.0
196,235.0,2017-12-03-23-34-26,434.0,234.0,0.0,872.0,1744.0,1308.0,2623.0,1318.0,430.0,866.0,1736.0,0.0,0.0,428.0,646.0,1490.0
197,99.0,2017-12-03-23-34-27,198.0,101.0,0.0,394.0,784.0,586.0,1172.0,582.0,198.0,396.0,788.0,0.0,0.0,202.0,296.0,688.0
198,104.0,2017-12-03-23-34-28,205.0,101.0,0.0,409.0,816.0,614.0,1222.0,612.0,208.0,410.0,816.0,0.0,0.0,202.0,298.0,704.0
199,240.0,2017-12-03-23-34-29,478.0,242.0,0.0,952.0,1910.0,1434.0,2864.0,1426.0,480.0,956.0,1918.0,0.0,0.0,484.0,706.0,1620.0
200,228.0,2017-12-03-23-34-30,459.0,227.0,0.0,924.0,1836.0,1372.0,2748.0,1380.0,456.0,920.0,1826.0,0.0,0.0,454.0,664.0,1574.0
201,231.0,2017-12-03-23-34-31,460.0,232.0,0.0,919.0,1840.0,1384.0,2766.0,1386.0,462.0,918.0,1848.0,0.0,0.0,464.0,704.0,1596.0
202,34.0,2017-12-03-23-34-32,67.0,33.0,0.0,135.0,275.0,208.0,411.0,206.0,68.0,134.0,274.0,0.0,0.0,66.0,104.0,220.0
203,239.0,2017-12-03-23-34-32,438.0,224.0,0.0,876.0,1751.0,1315.0,2631.0,1318.0,438.0,876.0,1764.0,0.0,0.0,448.0,648.0,1506.0
204,224.0,2017-12-03-23-34-33,448.0,220.0,5.0,894.0,1790.0,1341.0,2681.0,1336.0,448.0,896.0,1780.0,0.0,0.0,440.0,648.0,1550.0
205,232.0,2017-12-03-23-34-34,424.0,233.0,8.0,847.0,1698.0,1272.0,2548.0,1270.0,424.0,850.0,1698.0,0.0,0.0,426.0,692.0,1414.0
206,188.0,2017-12-03-23-34-35,379.0,188.0,9.0,759.0,1510.0,1130.0,2265.0,1134.0,376.0,756.0,1506.0,0.0,0.0,376.0,618.0,1274.0
207,233.0,2017-12-03-23-34-36,424.0,234.0,13.0,848.0,1702.0,1280.0,2556.0,1280.0,426.0,848.0,1708.0,0.0,0.0,428.0,714.0,1466.0
208,242.0,2017-12-03-23-34-37,484.0,241.0,28.0,967.0,1936.0,1452.0,2901.0,1448.0,484.0,968.0,1872.0,0.0,0.0,482.0,816.0,1612.0
209,173.0,2017-12-03-23-34-38,345.0,173.0,35.0,689.0,1384.0,1040.0,2078.0,1038.0,346.0,690.0,1164.0,0.0,0.0,346.0,674.0,1164.0
210,209.0,2017-12-03-23-34-39,417.0,206.0,71.0,835.0,1656.0,1240.0,2478.0,1242.0,418.0,834.0,1427.0,0.0,0.0,413.0,956.0,1428.0
211,240.0,2017-12-03-23-34-40,480.0,241.0,117.0,963.0,1924.0,1443.0,2888.0,1448.0,480.0,962.0,1681.0,0.0,0.0,481.0,1150.0,1680.0
212,197.0,2017-12-03-23-34-41,397.0,203.0,150.0,793.0,1598.0,1199.0,2405.0,1200.0,394.0,792.0,1420.0,0.0,0.0,406.0,1140.0,1420.0
213,185.0,2017-12-03-23-34-42,370.0,184.0,181.0,740.0,1484.0,1112.0,2228.0,1112.0,369.0,740.0,1307.0,0.0,0.0,368.0,1148.0,1306.0
214,178.0,2017-12-03-23-34-43,355.0,175.0,224.0,709.0,1408.0,1056.0,2306.0,1054.0,357.0,710.0,1238.0,0.0,0.0,351.0,1234.0,1240.0
215,229.0,2017-12-03-23-34-44,459.0,232.0,435.0,920.0,1846.0,1386.0,2771.0,1388.0,458.0,918.0,1633.0,0.0,0.0,463.0,1978.0,1632.0
216,73.0,2017-12-03-23-34-45,144.0,68.0,185.0,284.0,564.0,422.0,839.0,412.0,146.0,288.0,506.0,0.0,0.0,136.0,712.0,506.0
217,188.0,2017-12-03-23-34-45,374.0,189.0,512.0,751.0,1498.0,1126.0,2249.0,1134.0,376.0,748.0,1326.0,0.0,0.0,378.0,1900.0,1326.0
218,158.0,2017-12-03-23-34-46,318.0,161.0,579.0,636.0,1278.0,958.0,1922.0,958.0,316.0,636.0,1148.0,0.0,0.0,322.0,1954.0,1148.0
219,183.0,2017-12-03-23-34-47,369.0,181.0,939.0,735.0,1472.0,1100.0,2204.0,1094.0,366.0,738.0,1310.0,0.0,0.0,362.0,2850.0,1310.0
220,237.0,2017-12-03-23-34-48,471.0,236.0,1923.0,944.0,1882.0,1415.0,2825.0,1420.0,474.0,942.0,1722.0,0.0,0.0,472.0,5130.0,1722.0
221,228.0,2017-12-03-23-34-49,459.0,229.0,2786.0,917.0,1838.0,1375.0,2758.0,1374.0,456.0,918.0,1715.0,0.0,0.0,459.0,6764.0,1716.0
222,229.0,2017-12-03-23-34-50,457.0,227.0,3305.0,917.0,1824.0,1368.0,2734.0,1374.0,458.0,914.0,1740.0,0.0,0.0,454.0,7514.0,1740.0
223,246.0,2017-12-03-23-34-51,488.0,246.0,3090.0,974.0,1954.0,1470.0,2926.0,1462.0,492.0,976.0,1933.0,0.0,0.0,491.0,6854.0,1932.0
224,273.0,2017-12-03-23-34-52,553.0,277.0,2619.0,1106.0,2238.0,1658.0,3336.0,1662.0,546.0,1106.0,2394.0,0.0,0.0,554.0,5850.0,2394.0
225,234.0,2017-12-03-23-34-53,422.0,232.0,1481.0,847.0,1688.0,1270.0,2529.0,1274.0,428.0,846.0,1683.0,0.0,0.0,425.0,3404.0,1684.0
226,188.0,2017-12-03-23-34-54,375.0,185.0,100.0,742.0,1486.0,1114.0,2222.0,1098.0,376.0,748.0,1483.0,0.0,0.0,369.0,1240.0,1474.0
227,231.0,2017-12-03-23-34-55,420.0,235.0,0.0,842.0,1692.0,1272.0,2541.0,1274.0,423.0,840.0,1703.0,0.0,0.0,430.0,1202.0,1698.0
228,16.0,2017-12-03-23-34-56,31.0,16.0,0.0,66.0,132.0,99.0,202.0,106.0,33.0,66.0,131.0,0.0,0.0,32.0,86.0,130.0
229,205.0,2017-12-03-23-34-56,414.0,206.0,0.0,830.0,1652.0,1235.0,2476.0,1240.0,410.0,828.0,1646.0,0.0,0.0,412.0,1110.0,1642.0
230,224.0,2017-12-03-23-34-57,447.0,223.0,0.0,891.0,1788.0,1346.0,2682.0,1340.0,448.0,890.0,1792.0,0.0,0.0,446.0,1222.0,1772.0
231,172.0,2017-12-03-23-34-58,350.0,173.0,0.0,703.0,1400.0,1046.0,2308.0,1056.0,344.0,698.0,1392.0,0.0,0.0,346.0,1194.0,1388.0
232,67.0,2017-12-03-23-34-59,133.0,66.0,0.0,265.0,526.0,394.0,786.0,392.0,134.0,266.0,526.0,0.0,0.0,132.0,448.0,522.0
233,241.0,2017-12-03-23-35-00,481.0,241.0,0.0,958.0,1924.0,1444.0,2883.0,1434.0,482.0,962.0,1926.0,0.0,0.0,482.0,1670.0,1908.0
234,244.0,2017-12-03-23-35-01,487.0,249.0,0.0,975.0,1952.0,1466.0,2933.0,1470.0,489.0,974.0,1965.0,0.0,0.0,498.0,1637.0,1950.0
235,246.0,2017-12-03-23-35-02,487.0,239.0,0.0,975.0,1934.0,1452.0,2891.0,1452.0,491.0,974.0,1929.0,0.0,0.0,478.0,1469.0,1922.0
236,226.0,2017-12-03-23-35-03,458.0,225.0,0.0,914.0,1836.0,1372.0,2753.0,1366.0,452.0,916.0,1822.0,0.0,0.0,450.0,1170.0,1814.0
237,223.0,2017-12-03-23-35-04,441.0,223.0,0.0,883.0,1770.0,1330.0,2664.0,1336.0,442.0,882.0,1772.0,0.0,0.0,442.0,990.0,1752.0
238,207.0,2017-12-03-23-35-05,415.0,230.0,0.0,831.0,1666.0,1250.0,2502.0,1252.0,414.0,830.0,1670.0,0.0,0.0,420.0,918.0,1666.0
239,296.0,2017-12-03-23-35-06,591.0,296.0,0.0,1184.0,2366.0,1774.0,3547.0,1776.0,592.0,1184.0,2367.0,0.0,0.0,593.0,1192.0,2362.0
240,247.0,2017-12-03-23-35-07,492.0,243.0,0.0,985.0,1958.0,1466.0,2929.0,1466.0,494.0,986.0,1951.0,0.0,0.0,485.0,982.0,1944.0
241,71.0,2017-12-03-23-35-08,146.0,77.0,0.0,292.0,594.0,448.0,899.0,450.0,142.0,288.0,603.0,0.0,0.0,154.0,298.0,600.0
242,161.0,2017-12-03-23-35-08,318.0,157.0,0.0,635.0,1256.0,942.0,1879.0,942.0,322.0,636.0,1256.0,0.0,0.0,315.0,634.0,1256.0
243,157.0,2017-12-03-23-35-09,316.0,158.0,0.0,631.0,1268.0,950.0,1904.0,948.0,314.0,632.0,1265.0,0.0,0.0,315.0,552.0,1264.0
244,163.0,2017-12-03-23-35-10,324.0,161.0,0.0,649.0,1298.0,974.0,1942.0,972.0,326.0,650.0,1296.0,0.0,0.0,322.0,628.0,1292.0
245,243.0,2017-12-03-23-35-11,490.0,248.0,0.0,980.0,1964.0,1472.0,2951.0,1474.0,486.0,978.0,1968.0,0.0,0.0,496.0,856.0,1966.0
246,238.0,2017-12-03-23-35-12,435.0,237.0,0.0,870.0,1738.0,1304.0,2606.0,1304.0,436.0,870.0,1738.0,0.0,0.0,434.0,750.0,1736.0
247,257.0,2017-12-03-23-35-13,514.0,257.0,0.0,1029.0,2054.0,1538.0,3080.0,1540.0,514.0,1030.0,2052.0,0.0,0.0,514.0,822.0,2048.0
248,233.0,2017-12-03-23-35-14,466.0,230.0,1.0,928.0,1868.0,1402.0,2801.0,1392.0,466.0,932.0,1862.0,0.0,0.0,460.0,1038.0,1860.0
249,232.0,2017-12-03-23-35-15,462.0,231.0,0.0,928.0,1840.0,1382.0,2762.0,1394.0,464.0,922.0,1844.0,0.0,0.0,462.0,1124.0,1840.0
250,232.0,2017-12-03-23-35-16,468.0,236.0,0.0,935.0,1884.0,1412.0,2826.0,1406.0,464.0,936.0,1884.0,0.0,0.0,472.0,1164.0,1878.0
251,223.0,2017-12-03-23-35-17,441.0,223.0,0.0,882.0,1756.0,1320.0,2630.0,1320.0,446.0,882.0,1762.0,0.0,0.0,442.0,1088.0,1760.0
252,231.0,2017-12-03-23-35-18,425.0,233.0,0.0,851.0,1710.0,1280.0,2573.0,1284.0,422.0,852.0,1706.0,0.0,0.0,426.0,1006.0,1706.0
253,209.0,2017-12-03-23-35-19,422.0,205.0,0.0,844.0,1682.0,1258.0,2517.0,1256.0,418.0,842.0,1668.0,0.0,0.0,410.0,976.0,1668.0
254,109.0,2017-12-03-23-35-20,205.0,108.0,0.0,394.0,802.0,610.0,1200.0,582.0,238.0,410.0,825.0,0.0,0.0,236.0,522.0,826.0
255,53.0,2017-12-03-23-35-23,114.0,53.0,0.0,241.0,460.0,339.0,692.0,364.0,106.0,228.0,447.0,0.0,0.0,106.0,254.0,446.0
256,0.0,2017-12-03-23-35-23,2.0,1.0,0.0,3.0,10.0,5.0,13.0,2.0,0.0,4.0,6.0,0.0,0.0,2.0,6.0,6.0
257,237.0,2017-12-03-23-35-22,433.0,220.0,0.0,868.0,1748.0,1316.0,2627.0,1318.0,434.0,866.0,1756.0,0.0,0.0,440.0,1028.0,1756.0
258,234.0,2017-12-03-23-35-23,471.0,235.0,0.0,944.0,1886.0,1412.0,2836.0,1420.0,468.0,942.0,1883.0,0.0,0.0,471.0,1108.0,1884.0
259,232.0,2017-12-03-23-35-24,424.0,207.0,0.0,844.0,1676.0,1252.0,2504.0,1244.0,424.0,848.0,1665.0,0.0,0.0,413.0,930.0,1664.0
260,197.0,2017-12-03-23-35-25,393.0,198.0,2.0,788.0,1588.0,1194.0,2387.0,1196.0,394.0,788.0,1590.0,0.0,0.0,396.0,814.0,1590.0
261,197.0,2017-12-03-23-35-26,394.0,198.0,4.0,787.0,1574.0,1180.0,2354.0,1174.0,394.0,788.0,1576.0,0.0,0.0,396.0,818.0,1576.0
262,236.0,2017-12-03-23-35-27,432.0,220.0,11.0,866.0,1732.0,1302.0,2606.0,1310.0,432.0,862.0,1742.0,0.0,0.0,440.0,878.0,1742.0
263,227.0,2017-12-03-23-35-28,450.0,226.0,17.0,899.0,1794.0,1348.0,2685.0,1344.0,454.0,900.0,1800.0,0.0,0.0,452.0,892.0,1800.0
264,162.0,2017-12-03-23-35-29,326.0,161.0,16.0,652.0,1304.0,976.0,1962.0,980.0,324.0,652.0,1298.0,0.0,0.0,322.0,674.0,1298.0
265,230.0,2017-12-03-23-35-30,410.0,207.0,45.0,815.0,1632.0,1230.0,2441.0,1238.0,420.0,822.0,1644.0,0.0,0.0,414.0,972.0,1644.0
266,198.0,2017-12-03-23-35-31,407.0,202.0,85.0,823.0,1640.0,1224.0,2466.0,1238.0,396.0,812.0,1628.0,0.0,0.0,404.0,1100.0,1628.0
267,209.0,2017-12-03-23-35-32,416.0,205.0,153.0,831.0,1658.0,1242.0,2481.0,1238.0,418.0,834.0,1652.0,0.0,0.0,410.0,1320.0,1652.0
268,195.0,2017-12-03-23-35-33,395.0,201.0,286.0,790.0,1588.0,1190.0,2392.0,1194.0,390.0,788.0,1592.0,0.0,0.0,402.0,1666.0,1592.0
269,102.0,2017-12-03-23-35-34,200.0,97.0,237.0,400.0,792.0,597.0,1184.0,596.0,204.0,400.0,792.0,0.0,0.0,194.0,1018.0,792.0
270,86.0,2017-12-03-23-35-34,174.0,86.0,231.0,347.0,702.0,525.0,1056.0,524.0,172.0,348.0,697.0,0.0,0.0,173.0,964.0,698.0
271,195.0,2017-12-03-23-35-35,391.0,193.0,689.0,782.0,1554.0,1162.0,2323.0,1160.0,390.0,782.0,1547.0,0.0,0.0,385.0,2556.0,1546.0
272,234.0,2017-12-03-23-35-36,423.0,234.0,1203.0,839.0,1680.0,1266.0,2518.0,1260.0,428.0,842.0,1695.0,0.0,0.0,429.0,3744.0,1696.0
273,161.0,2017-12-03-23-35-37,324.0,163.0,1389.0,651.0,1298.0,972.0,1951.0,980.0,322.0,648.0,1297.0,0.0,0.0,325.0,3844.0,1296.0
274,234.0,2017-12-03-23-35-38,427.0,235.0,2329.0,852.0,1716.0,1290.0,2575.0,1284.0,428.0,854.0,1720.0,0.0,0.0,430.0,5860.0,1720.0
275,191.0,2017-12-03-23-35-39,387.0,191.0,2619.0,778.0,1544.0,1154.0,2316.0,1162.0,382.0,772.0,1536.0,0.0,0.0,382.0,6066.0,1536.0
276,190.0,2017-12-03-23-35-40,377.0,194.0,2615.0,753.0,1514.0,1140.0,2277.0,1140.0,380.0,754.0,1527.0,0.0,0.0,388.0,5881.0,1528.0
277,245.0,2017-12-03-23-35-41,484.0,240.0,2772.0,967.0,1932.0,1450.0,2887.0,1442.0,490.0,972.0,1931.0,0.0,0.0,480.0,6233.0,1930.0
278,188.0,2017-12-03-23-35-42,386.0,190.0,0.0,773.0,1550.0,1158.0,2334.0,1164.0,376.0,768.0,1538.0,0.0,0.0,380.0,1342.0,1538.0
279,167.0,2017-12-03-23-35-43,328.0,167.0,0.0,655.0,1312.0,988.0,1968.0,986.0,333.0,656.0,1323.0,0.0,0.0,334.0,1194.0,1324.0
280,173.0,2017-12-03-23-35-44,347.0,172.0,0.0,691.0,1382.0,1034.0,2070.0,1028.0,347.0,696.0,1377.0,0.0,0.0,344.0,1238.0,1376.0
281,189.0,2017-12-03-23-35-45,381.0,191.0,0.0,767.0,1524.0,1142.0,2289.0,1154.0,378.0,760.0,1525.0,0.0,0.0,383.0,1274.0,1526.0
282,37.0,2017-12-03-23-35-46,69.0,35.0,0.0,137.0,284.0,237.0,424.0,230.0,74.0,140.0,287.0,0.0,0.0,69.0,252.0,286.0
283,148.0,2017-12-03-23-35-46,303.0,149.0,0.0,607.0,1208.0,901.0,1813.0,906.0,296.0,604.0,1198.0,0.0,0.0,298.0,990.0,1199.0
284,199.0,2017-12-03-23-35-47,386.0,196.0,0.0,763.0,1538.0,1160.0,2298.0,1138.0,398.0,776.0,1552.0,0.0,0.0,392.0,1230.0,1551.0
285,184.0,2017-12-03-23-35-48,380.0,190.0,0.0,769.0,1528.0,1140.0,2305.0,1164.0,368.0,756.0,1520.0,0.0,0.0,380.0,1140.0,1520.0
286,233.0,2017-12-03-23-35-49,463.0,231.0,0.0,926.0,1852.0,1390.0,2775.0,1388.0,466.0,928.0,1852.0,0.0,0.0,462.0,1362.0,1852.0
287,207.0,2017-12-03-23-35-50,411.0,204.0,0.0,819.0,1634.0,1228.0,2443.0,1220.0,414.0,820.0,1636.0,0.0,0.0,408.0,1084.0,1636.0
288,191.0,2017-12-03-23-35-51,379.0,192.0,0.0,757.0,1518.0,1140.0,2281.0,1140.0,382.0,760.0,1524.0,0.0,0.0,384.0,1026.0,1524.0
289,195.0,2017-12-03-23-35-52,398.0,196.0,0.0,799.0,1600.0,1194.0,2404.0,1200.0,389.0,794.0,1587.0,0.0,0.0,392.0,1018.0,1586.0
290,199.0,2017-12-03-23-35-53,398.0,200.0,0.0,796.0,1592.0,1196.0,2391.0,1198.0,399.0,796.0,1595.0,0.0,0.0,400.0,980.0,1596.0
291,194.0,2017-12-03-23-35-54,384.0,190.0,0.0,767.0,1520.0,1140.0,2272.0,1138.0,388.0,768.0,1520.0,0.0,0.0,380.0,906.0,1520.0
292,199.0,2017-12-03-23-35-55,394.0,199.0,0.0,785.0,1582.0,1188.0,2370.0,1178.0,398.0,792.0,1586.0,0.0,0.0,398.0,904.0,1586.0
293,226.0,2017-12-03-23-35-56,453.0,229.0,0.0,910.0,1820.0,1366.0,2731.0,1372.0,452.0,906.0,1824.0,0.0,0.0,458.0,914.0,1824.0
294,198.0,2017-12-03-23-35-57,396.0,201.0,0.0,791.0,1590.0,1194.0,2391.0,1194.0,396.0,792.0,1596.0,0.0,0.0,402.0,734.0,1596.0
295,173.0,2017-12-03-23-35-58,348.0,169.0,1.0,697.0,1390.0,1040.0,2078.0,1038.0,346.0,696.0,1377.0,0.0,0.0,338.0,914.0,1378.0
296,12.0,2017-12-03-23-35-58,23.0,13.0,0.0,46.0,82.0,61.0,127.0,66.0,24.0,44.0,89.0,0.0,0.0,26.0,94.0,88.0
297,229.0,2017-12-03-23-35-59,459.0,229.0,0.0,915.0,1838.0,1381.0,2761.0,1378.0,458.0,916.0,1838.0,0.0,0.0,458.0,1650.0,1838.0
298,179.0,2017-12-03-23-36-00,357.0,179.0,0.0,712.0,1424.0,1068.0,2334.0,1064.0,358.0,714.0,1427.0,0.0,0.0,359.0,1294.0,1428.0
299,39.0,2017-12-03-23-36-01,77.0,35.0,0.0,159.0,300.0,222.0,443.0,230.0,78.0,156.0,291.0,0.0,0.0,69.0,246.0,290.0
300,163.0,2017-12-03-23-36-02,332.0,166.0,0.0,664.0,1340.0,1004.0,2019.0,1006.0,326.0,662.0,1336.0,0.0,0.0,332.0,1122.0,1336.0
301,209.0,2017-12-03-23-36-03,420.0,208.0,0.0,839.0,1672.0,1251.0,2504.0,1248.0,418.0,840.0,1667.0,0.0,0.0,416.0,1240.0,1668.0
302,203.0,2017-12-03-23-36-04,401.0,208.0,0.0,803.0,1616.0,1239.0,2430.0,1222.0,406.0,802.0,1635.0,0.0,0.0,416.0,1190.0,1634.0
303,238.0,2017-12-03-23-36-05,436.0,233.0,0.0,872.0,1740.0,1304.0,2605.0,1302.0,436.0,872.0,1730.0,0.0,0.0,426.0,1194.0,1730.0
304,206.0,2017-12-03-23-36-06,415.0,207.0,0.0,831.0,1670.0,1250.0,2510.0,1252.0,412.0,832.0,1664.0,0.0,0.0,414.0,1116.0,1664.0
305,163.0,2017-12-03-23-36-07,326.0,162.0,0.0,652.0,1294.0,970.0,1936.0,970.0,326.0,650.0,1294.0,0.0,0.0,324.0,824.0,1294.0
306,195.0,2017-12-03-23-36-08,390.0,196.0,0.0,780.0,1556.0,1166.0,2335.0,1168.0,390.0,780.0,1558.0,0.0,0.0,392.0,956.0,1558.0
307,189.0,2017-12-03-23-36-09,377.0,188.0,0.0,751.0,1510.0,1132.0,2263.0,1124.0,378.0,756.0,1508.0,0.0,0.0,376.0,828.0,1508.0
308,189.0,2017-12-03-23-36-10,378.0,189.0,0.0,758.0,1516.0,1140.0,2276.0,1144.0,378.0,754.0,1518.0,0.0,0.0,378.0,790.0,1518.0
309,205.0,2017-12-03-23-36-11,406.0,209.0,0.0,812.0,1620.0,1238.0,2431.0,1220.0,410.0,812.0,1636.0,0.0,0.0,418.0,838.0,1636.0
310,176.0,2017-12-03-23-36-12,357.0,170.0,0.0,713.0,1430.0,1068.0,2343.0,1064.0,352.0,714.0,1408.0,0.0,0.0,340.0,686.0,1408.0
311,33.0,2017-12-03-23-36-12,68.0,36.0,0.0,137.0,280.0,230.0,424.0,232.0,66.0,136.0,282.0,0.0,0.0,72.0,128.0,282.0
312,209.0,2017-12-03-23-36-13,413.0,208.0,0.0,826.0,1638.0,1230.0,2450.0,1230.0,418.0,826.0,1646.0,0.0,0.0,416.0,830.0,1646.0
313,208.0,2017-12-03-23-36-14,413.0,207.0,0.0,826.0,1650.0,1240.0,2477.0,1242.0,416.0,826.0,1654.0,0.0,0.0,414.0,728.0,1654.0
314,206.0,2017-12-03-23-36-15,416.0,206.0,0.0,831.0,1672.0,1250.0,2506.0,1244.0,412.0,834.0,1662.0,0.0,0.0,412.0,774.0,1662.0
315,225.0,2017-12-03-23-36-16,450.0,231.0,0.0,901.0,1802.0,1354.0,2707.0,1358.0,450.0,898.0,1816.0,0.0,0.0,462.0,848.0,1816.0
316,232.0,2017-12-03-23-36-17,426.0,230.0,7.0,852.0,1710.0,1280.0,2568.0,1280.0,424.0,854.0,1700.0,0.0,0.0,420.0,796.0,1700.0
317,200.0,2017-12-03-23-36-18,402.0,195.0,10.0,805.0,1600.0,1198.0,2393.0,1198.0,400.0,802.0,1588.0,0.0,0.0,390.0,718.0,1588.0
318,237.0,2017-12-03-23-36-19,429.0,222.0,16.0,855.0,1716.0,1292.0,2580.0,1290.0,434.0,858.0,1736.0,0.0,0.0,444.0,834.0,1736.0
319,190.0,2017-12-03-23-36-20,382.0,188.0,32.0,764.0,1524.0,1140.0,2284.0,1140.0,380.0,764.0,1516.0,0.0,0.0,376.0,756.0,1516.0
320,196.0,2017-12-03-23-36-23,391.0,196.0,56.0,783.0,1566.0,1175.0,2347.0,1174.0,392.0,784.0,1568.0,0.0,0.0,392.0,858.0,1568.0
321,238.0,2017-12-03-23-36-22,436.0,236.0,91.0,869.0,1742.0,1307.0,2615.0,1304.0,436.0,870.0,1739.0,0.0,0.0,433.0,1018.0,1740.0
322,194.0,2017-12-03-23-36-23,391.0,197.0,141.0,786.0,1568.0,1174.0,2348.0,1178.0,388.0,782.0,1567.0,0.0,0.0,393.0,1056.0,1566.0
323,181.0,2017-12-03-23-36-24,359.0,184.0,188.0,716.0,1440.0,1084.0,2368.0,1084.0,362.0,718.0,1453.0,0.0,0.0,369.0,1098.0,1454.0
324,118.0,2017-12-03-23-36-25,237.0,113.0,138.0,476.0,948.0,710.0,1416.0,710.0,236.0,474.0,935.0,0.0,0.0,225.0,788.0,934.0
325,30.0,2017-12-03-23-36-25,61.0,30.0,57.0,122.0,240.0,178.0,364.0,182.0,60.0,122.0,238.0,0.0,0.0,60.0,254.0,238.0
326,231.0,2017-12-03-23-36-26,420.0,231.0,441.0,839.0,1678.0,1260.0,2516.0,1258.0,422.0,840.0,1682.0,0.0,0.0,422.0,1884.0,1682.0
327,204.0,2017-12-03-23-36-27,407.0,204.0,642.0,815.0,1630.0,1222.0,2440.0,1220.0,408.0,816.0,1630.0,0.0,0.0,408.0,2384.0,1630.0
328,201.0,2017-12-03-23-36-28,405.0,201.0,953.0,809.0,1614.0,1208.0,2424.0,1230.0,402.0,808.0,1610.0,0.0,0.0,402.0,3004.0,1610.0
329,182.0,2017-12-03-23-36-29,366.0,184.0,1368.0,734.0,1476.0,1108.0,2220.0,1112.0,364.0,732.0,1476.0,0.0,0.0,368.0,3756.0,1476.0
330,193.0,2017-12-03-23-36-30,378.0,189.0,2042.0,756.0,1506.0,1131.0,2247.0,1124.0,386.0,762.0,1510.0,0.0,0.0,378.0,5046.0,1510.0
331,198.0,2017-12-03-23-36-31,402.0,199.0,3183.0,801.0,1600.0,1197.0,2405.0,1198.0,396.0,798.0,1594.0,0.0,0.0,398.0,7248.0,1594.0
332,170.0,2017-12-03-23-36-32,335.0,173.0,2804.0,665.0,1344.0,1014.0,2015.0,1002.0,340.0,670.0,1360.0,0.0,0.0,346.0,6126.0,1360.0
333,190.0,2017-12-03-23-36-33,380.0,187.0,2466.0,760.0,1520.0,1138.0,2280.0,1138.0,380.0,762.0,1513.0,0.0,0.0,375.0,5376.0,1514.0
334,179.0,2017-12-03-23-36-34,360.0,185.0,1468.0,727.0,1446.0,1086.0,2375.0,1102.0,358.0,718.0,1455.0,0.0,0.0,369.0,3582.0,1454.0
335,203.0,2017-12-03-23-36-35,411.0,198.0,0.0,823.0,1644.0,1226.0,2460.0,1220.0,406.0,824.0,1622.0,0.0,0.0,396.0,1504.0,1623.0
336,199.0,2017-12-03-23-36-36,396.0,205.0,0.0,794.0,1592.0,1200.0,2398.0,1208.0,398.0,790.0,1610.0,0.0,0.0,410.0,1438.0,1609.0
337,127.0,2017-12-03-23-36-37,248.0,119.0,0.0,494.0,974.0,728.0,1447.0,718.0,254.0,500.0,966.0,0.0,0.0,238.0,860.0,966.0
338,68.0,2017-12-03-23-36-37,143.0,71.0,0.0,288.0,582.0,436.0,880.0,444.0,136.0,282.0,578.0,0.0,0.0,142.0,520.0,578.0
339,235.0,2017-12-03-23-36-38,469.0,234.0,0.0,937.0,1872.0,1405.0,2809.0,1404.0,470.0,938.0,1874.0,0.0,0.0,468.0,1644.0,1874.0
340,199.0,2017-12-03-23-36-39,398.0,202.0,0.0,796.0,1602.0,1203.0,2408.0,1204.0,398.0,796.0,1606.0,0.0,0.0,404.0,1364.0,1606.0
341,207.0,2017-12-03-23-36-40,417.0,204.0,0.0,834.0,1656.0,1236.0,2478.0,1236.0,414.0,834.0,1644.0,0.0,0.0,408.0,1372.0,1644.0
342,204.0,2017-12-03-23-36-41,402.0,208.0,0.0,803.0,1616.0,1238.0,2425.0,1234.0,408.0,806.0,1634.0,0.0,0.0,416.0,1306.0,1634.0
343,207.0,2017-12-03-23-36-42,416.0,201.0,0.0,833.0,1658.0,1242.0,2483.0,1242.0,414.0,830.0,1644.0,0.0,0.0,402.0,1184.0,1644.0
344,184.0,2017-12-03-23-36-43,367.0,189.0,0.0,733.0,1472.0,1108.0,2233.0,1108.0,368.0,732.0,1486.0,0.0,0.0,378.0,934.0,1486.0
345,190.0,2017-12-03-23-36-44,380.0,186.0,0.0,760.0,1516.0,1134.0,2275.0,1136.0,379.0,760.0,1507.0,0.0,0.0,372.0,896.0,1506.0
346,199.0,2017-12-03-23-36-45,395.0,199.0,0.0,787.0,1574.0,1184.0,2352.0,1174.0,399.0,790.0,1581.0,0.0,0.0,398.0,840.0,1582.0
347,208.0,2017-12-03-23-36-46,414.0,230.0,0.0,828.0,1664.0,1248.0,2500.0,1248.0,416.0,832.0,1668.0,0.0,0.0,420.0,912.0,1668.0
348,207.0,2017-12-03-23-36-47,419.0,207.0,0.0,842.0,1678.0,1258.0,2523.0,1268.0,414.0,834.0,1673.0,0.0,0.0,415.0,778.0,1674.0
349,204.0,2017-12-03-23-36-48,410.0,202.0,0.0,817.0,1630.0,1238.0,2443.0,1234.0,408.0,820.0,1623.0,0.0,0.0,403.0,680.0,1620.0
350,193.0,2017-12-03-23-36-49,384.0,197.0,0.0,770.0,1540.0,1159.0,2312.0,1162.0,386.0,768.0,1554.0,0.0,0.0,394.0,650.0,1554.0
351,6.0,2017-12-03-23-36-49,11.0,5.0,0.0,23.0,40.0,30.0,58.0,32.0,12.0,22.0,40.0,0.0,0.0,10.0,12.0,40.0
352,184.0,2017-12-03-23-36-50,369.0,183.0,0.0,734.0,1478.0,1107.0,2238.0,1100.0,368.0,738.0,1472.0,0.0,0.0,366.0,624.0,1472.0
353,194.0,2017-12-03-23-36-51,388.0,193.0,1.0,779.0,1552.0,1164.0,2325.0,1168.0,388.0,776.0,1550.0,0.0,0.0,386.0,1158.0,1550.0
354,185.0,2017-12-03-23-36-52,372.0,185.0,0.0,744.0,1494.0,1120.0,2247.0,1122.0,370.0,744.0,1490.0,0.0,0.0,370.0,1158.0,1490.0
355,181.0,2017-12-03-23-36-53,361.0,180.0,0.0,724.0,1446.0,1086.0,2364.0,1086.0,362.0,722.0,1446.0,0.0,0.0,360.0,1062.0,1446.0
356,185.0,2017-12-03-23-36-54,371.0,191.0,0.0,741.0,1482.0,1110.0,2228.0,1112.0,370.0,742.0,1492.0,0.0,0.0,382.0,1136.0,1492.0
357,189.0,2017-12-03-23-36-55,379.0,183.0,0.0,758.0,1508.0,1128.0,2252.0,1124.0,378.0,758.0,1495.0,0.0,0.0,366.0,994.0,1496.0
358,179.0,2017-12-03-23-36-56,353.0,180.0,0.0,706.0,1412.0,1062.0,2318.0,1062.0,358.0,708.0,1423.0,0.0,0.0,360.0,948.0,1420.0
359,152.0,2017-12-03-23-36-57,310.0,153.0,0.0,620.0,1248.0,934.0,1879.0,936.0,304.0,618.0,1240.0,0.0,0.0,306.0,804.0,1240.0
360,173.0,2017-12-03-23-36-58,340.0,170.0,0.0,676.0,1352.0,1018.0,2023.0,1008.0,346.0,680.0,1358.0,0.0,0.0,340.0,908.0,1358.0
361,156.0,2017-12-03-23-36-59,316.0,162.0,0.0,636.0,1276.0,956.0,1926.0,968.0,312.0,632.0,1280.0,0.0,0.0,324.0,850.0,1280.0
362,220.0,2017-12-03-23-37-00,436.0,236.0,0.0,867.0,1732.0,1300.0,2589.0,1288.0,440.0,872.0,1732.0,0.0,0.0,432.0,1154.0,1732.0
363,170.0,2017-12-03-23-37-01,343.0,170.0,0.0,691.0,1370.0,1024.0,2057.0,1036.0,340.0,686.0,1364.0,0.0,0.0,340.0,890.0,1364.0
364,178.0,2017-12-03-23-37-02,351.0,176.0,0.0,700.0,1406.0,1058.0,2304.0,1050.0,356.0,704.0,1410.0,0.0,0.0,352.0,880.0,1411.0
365,150.0,2017-12-03-23-37-03,303.0,152.0,0.0,608.0,1208.0,904.0,1816.0,912.0,300.0,604.0,1208.0,0.0,0.0,304.0,756.0,1207.0
366,18.0,2017-12-03-23-37-04,41.0,19.0,0.0,83.0,176.0,131.0,267.0,130.0,36.0,82.0,170.0,0.0,0.0,38.0,114.0,170.0
367,91.0,2017-12-03-23-37-04,177.0,90.0,0.0,350.0,704.0,531.0,1054.0,524.0,182.0,354.0,710.0,0.0,0.0,180.0,434.0,710.0
368,158.0,2017-12-03-23-37-05,320.0,161.0,0.0,643.0,1290.0,966.0,1943.0,974.0,316.0,640.0,1288.0,0.0,0.0,322.0,758.0,1288.0
369,154.0,2017-12-03-23-37-06,306.0,154.0,0.0,610.0,1238.0,914.0,1823.0,908.0,308.0,612.0,1222.0,0.0,0.0,308.0,738.0,1222.0
370,160.0,2017-12-03-23-37-07,322.0,155.0,0.0,646.0,1288.0,962.0,1929.0,964.0,320.0,646.0,1272.0,0.0,0.0,310.0,754.0,1272.0
371,200.0,2017-12-03-23-37-08,399.0,204.0,0.0,799.0,1596.0,1200.0,2400.0,1206.0,400.0,796.0,1609.0,0.0,0.0,409.0,910.0,1610.0
372,235.0,2017-12-03-23-37-09,423.0,232.0,0.0,838.0,1680.0,1265.0,2512.0,1252.0,430.0,844.0,1689.0,0.0,0.0,423.0,918.0,1688.0
373,157.0,2017-12-03-23-37-10,320.0,160.0,4.0,642.0,1282.0,959.0,1930.0,968.0,314.0,638.0,1278.0,0.0,0.0,320.0,656.0,1278.0
374,194.0,2017-12-03-23-37-11,390.0,193.0,9.0,782.0,1558.0,1167.0,2336.0,1170.0,388.0,780.0,1554.0,0.0,0.0,386.0,738.0,1554.0
375,125.0,2017-12-03-23-37-12,251.0,125.0,12.0,500.0,1006.0,753.0,1510.0,750.0,250.0,502.0,1002.0,0.0,0.0,250.0,458.0,1002.0
376,148.0,2017-12-03-23-37-13,296.0,149.0,17.0,593.0,1190.0,895.0,1785.0,894.0,296.0,592.0,1194.0,0.0,0.0,298.0,536.0,1194.0
377,182.0,2017-12-03-23-37-14,360.0,178.0,29.0,720.0,1434.0,1073.0,2345.0,1072.0,364.0,724.0,1428.0,0.0,0.0,356.0,726.0,1428.0
378,232.0,2017-12-03-23-37-15,466.0,239.0,68.0,930.0,1866.0,1402.0,2806.0,1402.0,464.0,928.0,1880.0,0.0,0.0,478.0,1014.0,1880.0
379,206.0,2017-12-03-23-37-16,415.0,205.0,96.0,832.0,1664.0,1247.0,2498.0,1250.0,412.0,830.0,1658.0,0.0,0.0,410.0,986.0,1658.0
380,232.0,2017-12-03-23-37-17,416.0,206.0,139.0,824.0,1646.0,1237.0,2460.0,1222.0,424.0,832.0,1648.0,0.0,0.0,412.0,1148.0,1648.0
381,100.0,2017-12-03-23-37-18,206.0,101.0,79.0,420.0,838.0,623.0,1255.0,632.0,200.0,414.0,826.0,0.0,0.0,202.0,606.0,826.0
382,101.0,2017-12-03-23-37-18,205.0,103.0,135.0,411.0,822.0,617.0,1240.0,624.0,202.0,408.0,822.0,0.0,0.0,206.0,708.0,822.0
383,235.0,2017-12-03-23-37-19,430.0,234.0,360.0,857.0,1716.0,1286.0,2575.0,1282.0,430.0,860.0,1714.0,0.0,0.0,428.0,1730.0,1714.0
384,198.0,2017-12-03-23-37-20,394.0,198.0,562.0,791.0,1584.0,1190.0,2377.0,1194.0,395.0,788.0,1587.0,0.0,0.0,396.0,2392.0,1586.0
385,231.0,2017-12-03-23-37-23,420.0,230.0,948.0,839.0,1672.0,1256.0,2507.0,1256.0,423.0,840.0,1675.0,0.0,0.0,420.0,3012.0,1676.0
386,204.0,2017-12-03-23-37-22,409.0,206.0,1454.0,816.0,1634.0,1224.0,2450.0,1220.0,408.0,818.0,1636.0,0.0,0.0,412.0,4004.0,1636.0
387,176.0,2017-12-03-23-37-23,353.0,176.0,1744.0,709.0,1416.0,1062.0,2323.0,1066.0,352.0,706.0,1414.0,0.0,0.0,352.0,4364.0,1414.0
388,237.0,2017-12-03-23-37-24,427.0,237.0,2806.0,852.0,1708.0,1282.0,2556.0,1274.0,433.0,858.0,1717.0,0.0,0.0,434.0,6512.0,1716.0
389,163.0,2017-12-03-23-37-25,329.0,162.0,2407.0,659.0,1306.0,981.0,1963.0,988.0,327.0,654.0,1305.0,0.0,0.0,324.0,5352.0,1306.0
390,190.0,2017-12-03-23-37-26,379.0,194.0,2485.0,756.0,1522.0,1141.0,2286.0,1138.0,379.0,758.0,1529.0,0.0,0.0,388.0,5468.0,1528.0
391,203.0,2017-12-03-23-37-27,407.0,197.0,935.0,817.0,1630.0,1222.0,2437.0,1222.0,407.0,816.0,1615.0,0.0,0.0,394.0,2890.0,1616.0
392,234.0,2017-12-03-23-37-28,433.0,238.0,0.0,865.0,1734.0,1299.0,2608.0,1300.0,428.0,864.0,1737.0,0.0,0.0,436.0,1500.0,1736.0
393,129.0,2017-12-03-23-37-29,255.0,128.0,0.0,510.0,1016.0,763.0,1522.0,764.0,258.0,510.0,1018.0,0.0,0.0,257.0,848.0,1020.0
394,33.0,2017-12-03-23-37-30,64.0,34.0,0.0,128.0,256.0,192.0,387.0,194.0,65.0,128.0,260.0,0.0,0.0,67.0,207.0,258.0
395,124.0,2017-12-03-23-37-30,249.0,122.0,0.0,496.0,1000.0,750.0,1496.0,742.0,249.0,500.0,993.0,0.0,0.0,244.0,797.0,994.0
396,193.0,2017-12-03-23-37-31,387.0,198.0,0.0,774.0,1550.0,1162.0,2329.0,1164.0,386.0,774.0,1558.0,0.0,0.0,396.0,1194.0,1558.0
397,200.0,2017-12-03-23-37-32,395.0,195.0,0.0,791.0,1572.0,1184.0,2357.0,1188.0,400.0,788.0,1574.0,0.0,0.0,390.0,1108.0,1574.0
398,188.0,2017-12-03-23-37-33,384.0,188.0,0.0,768.0,1540.0,1148.0,2312.0,1148.0,376.0,768.0,1524.0,0.0,0.0,376.0,1054.0,1524.0
399,164.0,2017-12-03-23-37-34,328.0,166.0,0.0,657.0,1318.0,988.0,1974.0,986.0,328.0,658.0,1320.0,0.0,0.0,332.0,900.0,1320.0
400,36.0,2017-12-03-23-37-35,68.0,36.0,0.0,134.0,270.0,206.0,407.0,204.0,72.0,136.0,278.0,0.0,0.0,72.0,200.0,278.0
401,139.0,2017-12-03-23-37-36,283.0,137.0,0.0,567.0,1126.0,840.0,1686.0,842.0,278.0,564.0,1114.0,0.0,0.0,274.0,726.0,1114.0
402,192.0,2017-12-03-23-37-37,377.0,194.0,0.0,753.0,1506.0,1136.0,2261.0,1136.0,384.0,754.0,1524.0,0.0,0.0,388.0,972.0,1524.0
403,169.0,2017-12-03-23-37-38,343.0,166.0,0.0,688.0,1386.0,1034.0,2077.0,1032.0,338.0,690.0,1366.0,0.0,0.0,332.0,892.0,1366.0
404,176.0,2017-12-03-23-37-39,347.0,177.0,0.0,694.0,1374.0,1036.0,2063.0,1042.0,352.0,690.0,1390.0,0.0,0.0,354.0,884.0,1390.0
405,205.0,2017-12-03-23-37-40,416.0,206.0,0.0,832.0,1668.0,1246.0,2504.0,1246.0,410.0,832.0,1658.0,0.0,0.0,412.0,994.0,1658.0
406,182.0,2017-12-03-23-37-41,358.0,183.0,0.0,715.0,1432.0,1078.0,2345.0,1074.0,364.0,718.0,1444.0,0.0,0.0,366.0,850.0,1444.0
407,203.0,2017-12-03-23-37-42,411.0,200.0,0.0,823.0,1638.0,1224.0,2454.0,1226.0,406.0,820.0,1624.0,0.0,0.0,400.0,964.0,1624.0
408,200.0,2017-12-03-23-37-43,401.0,202.0,0.0,801.0,1612.0,1231.0,2422.0,1208.0,400.0,802.0,1616.0,0.0,0.0,404.0,952.0,1616.0
409,138.0,2017-12-03-23-37-44,270.0,141.0,0.0,541.0,1080.0,816.0,1620.0,818.0,276.0,540.0,1098.0,0.0,0.0,282.0,576.0,1098.0
410,57.0,2017-12-03-23-37-44,114.0,52.0,0.0,228.0,452.0,335.0,676.0,336.0,114.0,230.0,438.0,0.0,0.0,104.0,240.0,438.0
411,172.0,2017-12-03-23-37-45,347.0,177.0,0.0,694.0,1394.0,1046.0,2097.0,1048.0,344.0,692.0,1400.0,0.0,0.0,354.0,734.0,1400.0
412,209.0,2017-12-03-23-37-46,423.0,205.0,0.0,842.0,1680.0,1256.0,2512.0,1252.0,418.0,842.0,1666.0,0.0,0.0,410.0,882.0,1666.0
413,185.0,2017-12-03-23-37-47,368.0,189.0,1.0,736.0,1474.0,1108.0,2235.0,1110.0,370.0,736.0,1486.0,0.0,0.0,378.0,988.0,1486.0
414,181.0,2017-12-03-23-37-48,364.0,181.0,0.0,726.0,1458.0,1092.0,2391.0,1090.0,362.0,728.0,1454.0,0.0,0.0,362.0,1306.0,1454.0
415,202.0,2017-12-03-23-37-49,404.0,200.0,0.0,810.0,1608.0,1204.0,2408.0,1208.0,404.0,808.0,1604.0,0.0,0.0,400.0,1446.0,1604.0
416,178.0,2017-12-03-23-37-50,353.0,179.0,0.0,705.0,1414.0,1066.0,23.0,1062.0,356.0,704.0,1424.0,0.0,0.0,358.0,1272.0,1424.0
417,194.0,2017-12-03-23-37-51,385.0,196.0,0.0,772.0,1542.0,1160.0,2314.0,1164.0,388.0,770.0,1552.0,0.0,0.0,392.0,1384.0,1552.0
418,189.0,2017-12-03-23-37-52,383.0,184.0,0.0,763.0,1528.0,1138.0,2290.0,1132.0,378.0,768.0,1506.0,0.0,0.0,368.0,1294.0,1506.0
419,186.0,2017-12-03-23-37-53,371.0,189.0,0.0,743.0,1486.0,1118.0,2233.0,1122.0,372.0,740.0,1496.0,0.0,0.0,378.0,1230.0,1496.0
420,200.0,2017-12-03-23-37-54,399.0,198.0,0.0,798.0,1596.0,1196.0,2388.0,1192.0,400.0,800.0,1592.0,0.0,0.0,396.0,1240.0,1592.0
421,235.0,2017-12-03-23-37-55,432.0,235.0,0.0,866.0,1726.0,1294.0,2591.0,1300.0,430.0,862.0,1724.0,0.0,0.0,430.0,1320.0,1724.0
422,183.0,2017-12-03-23-37-56,366.0,182.0,0.0,732.0,1472.0,1104.0,2209.0,1102.0,366.0,734.0,1468.0,0.0,0.0,364.0,1032.0,1468.0
423,173.0,2017-12-03-23-37-57,341.0,175.0,0.0,678.0,1357.0,1024.0,2036.0,1016.0,346.0,680.0,1374.0,0.0,0.0,350.0,930.0,1374.0
424,17.0,2017-12-03-23-37-57,34.0,17.0,0.0,72.0,133.0,98.0,197.0,108.0,34.0,68.0,132.0,0.0,0.0,34.0,82.0,132.0
425,181.0,2017-12-03-23-37-58,362.0,179.0,0.0,723.0,1450.0,1088.0,2376.0,1082.0,362.0,724.0,1446.0,0.0,0.0,358.0,948.0,1446.0
426,176.0,2017-12-03-23-37-59,352.0,176.0,0.0,703.0,1406.0,1052.0,2308.0,1050.0,352.0,706.0,1404.0,0.0,0.0,352.0,926.0,1404.0
427,172.0,2017-12-03-23-38-00,346.0,174.0,0.0,694.0,1388.0,1042.0,2084.0,1046.0,344.0,690.0,1390.0,0.0,0.0,348.0,822.0,1390.0
428,184.0,2017-12-03-23-38-01,368.0,185.0,0.0,735.0,1478.0,1108.0,2220.0,1106.0,368.0,738.0,1478.0,0.0,0.0,370.0,770.0,1478.0
429,186.0,2017-12-03-23-38-02,371.0,183.0,0.0,742.0,1476.0,1108.0,2233.0,1110.0,372.0,740.0,1474.0,0.0,0.0,366.0,718.0,1474.0
430,190.0,2017-12-03-23-38-03,384.0,189.0,0.0,767.0,1534.0,1146.0,2300.0,1144.0,380.0,768.0,1524.0,0.0,0.0,378.0,682.0,1524.0
431,203.0,2017-12-03-23-38-04,407.0,204.0,0.0,817.0,1630.0,1222.0,2446.0,1228.0,406.0,814.0,1630.0,0.0,0.0,408.0,748.0,1630.0
432,186.0,2017-12-03-23-38-05,367.0,186.0,0.0,733.0,1472.0,1108.0,2204.0,1102.0,372.0,736.0,1480.0,0.0,0.0,372.0,632.0,1480.0
433,138.0,2017-12-03-23-38-06,280.0,139.0,0.0,561.0,1118.0,836.0,1676.0,838.0,276.0,558.0,1114.0,0.0,0.0,278.0,450.0,1114.0
434,168.0,2017-12-03-23-38-07,335.0,166.0,0.0,671.0,1336.0,1000.0,2005.0,1004.0,336.0,672.0,1332.0,0.0,0.0,332.0,550.0,1332.0
435,167.0,2017-12-03-23-38-08,335.0,168.0,3.0,669.0,1344.0,1010.0,2018.0,1008.0,334.0,668.0,1346.0,0.0,0.0,336.0,572.0,1346.0
436,170.0,2017-12-03-23-38-09,336.0,169.0,12.0,669.0,1342.0,1010.0,2012.0,1004.0,340.0,672.0,1348.0,0.0,0.0,338.0,654.0,1348.0
437,196.0,2017-12-03-23-38-10,395.0,196.0,27.0,793.0,1582.0,1184.0,2377.0,1192.0,392.0,790.0,1576.0,0.0,0.0,392.0,738.0,1576.0
438,195.0,2017-12-03-23-38-11,387.0,197.0,48.0,775.0,1548.0,1162.0,2316.0,1160.0,390.0,776.0,1556.0,0.0,0.0,394.0,854.0,1556.0
439,39.0,2017-12-03-23-38-12,79.0,38.0,11.0,157.0,312.0,235.0,469.0,234.0,78.0,156.0,312.0,0.0,0.0,76.0,166.0,312.0
440,138.0,2017-12-03-23-38-12,277.0,139.0,79.0,552.0,1116.0,835.0,1675.0,830.0,276.0,556.0,1112.0,0.0,0.0,278.0,744.0,1112.0
441,231.0,2017-12-03-23-38-13,420.0,234.0,165.0,842.0,1680.0,1262.0,2520.0,1266.0,422.0,840.0,1690.0,0.0,0.0,428.0,1258.0,1690.0
442,191.0,2017-12-03-23-38-14,387.0,187.0,245.0,771.0,1542.0,1150.0,2313.0,1146.0,382.0,774.0,1524.0,0.0,0.0,374.0,1360.0,1524.0
443,203.0,2017-12-03-23-38-15,405.0,202.0,422.0,811.0,1620.0,1238.0,2430.0,1220.0,406.0,808.0,1622.0,0.0,0.0,404.0,1784.0,1622.0
444,182.0,2017-12-03-23-38-16,361.0,184.0,579.0,720.0,1442.0,1084.0,2362.0,1080.0,364.0,722.0,1452.0,0.0,0.0,368.0,2310.0,1452.0
445,173.0,2017-12-03-23-38-17,347.0,172.0,945.0,698.0,1402.0,1052.0,2304.0,1056.0,346.0,696.0,1396.0,0.0,0.0,344.0,2846.0,1396.0
446,200.0,2017-12-03-23-38-18,401.0,204.0,1523.0,801.0,1590.0,1190.0,2387.0,1194.0,400.0,800.0,1598.0,0.0,0.0,408.0,4098.0,1598.0
447,185.0,2017-12-03-23-38-19,369.0,182.0,1846.0,740.0,1484.0,1114.0,2224.0,1114.0,370.0,740.0,1478.0,0.0,0.0,364.0,4556.0,1478.0
448,200.0,2017-12-03-23-38-20,399.0,198.0,2663.0,795.0,1588.0,1193.0,2384.0,1190.0,400.0,796.0,1589.0,0.0,0.0,396.0,6146.0,1590.0
449,195.0,2017-12-03-23-38-23,388.0,196.0,2840.0,775.0,1548.0,1161.0,2320.0,1160.0,390.0,776.0,1554.0,0.0,0.0,393.0,6326.0,1554.0
450,189.0,2017-12-03-23-38-22,380.0,194.0,2703.0,762.0,1534.0,1152.0,2305.0,1154.0,378.0,760.0,1539.0,0.0,0.0,387.0,5946.0,1538.0
451,200.0,2017-12-03-23-38-23,397.0,195.0,2007.0,793.0,1576.0,1181.0,2358.0,1178.0,400.0,796.0,1572.0,0.0,0.0,390.0,4488.0,1572.0
452,36.0,2017-12-03-23-38-23,80.0,41.0,370.0,162.0,328.0,241.0,499.0,248.0,72.0,158.0,322.0,0.0,0.0,82.0,828.0,322.0
453,194.0,2017-12-03-23-38-24,380.0,187.0,1565.0,758.0,1516.0,1140.0,2263.0,1130.0,388.0,764.0,1514.0,0.0,0.0,374.0,3528.0,1514.0
454,168.0,2017-12-03-23-38-25,341.0,171.0,1312.0,683.0,1360.0,1018.0,2044.0,1024.0,336.0,678.0,1360.0,0.0,0.0,342.0,2980.0,1360.0
455,169.0,2017-12-03-23-38-26,340.0,169.0,935.0,681.0,1368.0,1026.0,2056.0,1028.0,338.0,680.0,1364.0,0.0,0.0,338.0,2254.0,1364.0
456,165.0,2017-12-03-23-38-27,331.0,166.0,0.0,663.0,1330.0,998.0,2001.0,1002.0,330.0,662.0,1330.0,0.0,0.0,332.0,1022.0,1330.0
457,196.0,2017-12-03-23-38-28,388.0,194.0,0.0,774.0,1538.0,1155.0,2300.0,1150.0,392.0,776.0,1544.0,0.0,0.0,388.0,1118.0,1544.0
458,178.0,2017-12-03-23-38-29,353.0,178.0,0.0,707.0,1412.0,1061.0,2318.0,1062.0,356.0,706.0,1416.0,0.0,0.0,356.0,974.0,1416.0
459,200.0,2017-12-03-23-38-30,402.0,199.0,0.0,801.0,1606.0,1200.0,2402.0,1192.0,400.0,806.0,1598.0,0.0,0.0,398.0,1020.0,1598.0
460,195.0,2017-12-03-23-38-31,393.0,196.0,0.0,788.0,1580.0,1186.0,2377.0,1192.0,390.0,784.0,1578.0,0.0,0.0,392.0,972.0,1578.0
461,196.0,2017-12-03-23-38-32,386.0,194.0,0.0,771.0,1542.0,1163.0,2312.0,1160.0,392.0,772.0,1552.0,0.0,0.0,388.0,974.0,1552.0
462,172.0,2017-12-03-23-38-33,349.0,180.0,0.0,701.0,1406.0,1051.0,2317.0,1060.0,344.0,698.0,1410.0,0.0,0.0,360.0,868.0,1410.0
463,189.0,2017-12-03-23-38-34,378.0,184.0,0.0,753.0,1502.0,1122.0,2245.0,1114.0,378.0,758.0,1490.0,0.0,0.0,368.0,882.0,1490.0
464,193.0,2017-12-03-23-38-35,380.0,193.0,0.0,761.0,1522.0,1148.0,2281.0,1148.0,386.0,760.0,1534.0,0.0,0.0,386.0,854.0,1534.0
465,169.0,2017-12-03-23-38-36,344.0,170.0,0.0,689.0,1378.0,1030.0,2071.0,1034.0,338.0,686.0,1370.0,0.0,0.0,340.0,786.0,1370.0
466,25.0,2017-12-03-23-38-36,47.0,23.0,0.0,89.0,178.0,134.0,265.0,126.0,50.0,94.0,180.0,0.0,0.0,46.0,112.0,180.0
467,199.0,2017-12-03-23-38-37,398.0,197.0,0.0,799.0,1594.0,1196.0,2389.0,1200.0,398.0,796.0,1590.0,0.0,0.0,394.0,898.0,1590.0
468,51.0,2017-12-03-23-38-38,103.0,52.0,0.0,206.0,414.0,310.0,622.0,310.0,102.0,206.0,414.0,0.0,0.0,104.0,224.0,414.0
469,99.0,2017-12-03-23-38-39,198.0,99.0,0.0,391.0,786.0,588.0,1179.0,580.0,198.0,396.0,786.0,0.0,0.0,198.0,418.0,786.0
470,138.0,2017-12-03-23-38-40,277.0,139.0,0.0,562.0,1116.0,838.0,1675.0,852.0,276.0,554.0,1116.0,0.0,0.0,278.0,590.0,1116.0
471,176.0,2017-12-03-23-38-41,354.0,181.0,0.0,708.0,1424.0,1068.0,2343.0,1070.0,352.0,708.0,1430.0,0.0,0.0,362.0,740.0,1430.0
472,238.0,2017-12-03-23-38-42,479.0,237.0,0.0,958.0,1918.0,1436.0,2875.0,1434.0,476.0,958.0,1910.0,0.0,0.0,474.0,1016.0,1910.0
473,231.0,2017-12-03-23-38-43,410.0,205.0,1.0,819.0,1620.0,1220.0,2420.0,1238.0,422.0,822.0,1630.0,0.0,0.0,410.0,1408.0,1630.0
474,195.0,2017-12-03-23-38-44,395.0,198.0,0.0,789.0,1588.0,1188.0,2386.0,1186.0,390.0,790.0,1584.0,0.0,0.0,396.0,1386.0,1584.0
475,232.0,2017-12-03-23-38-45,426.0,232.0,0.0,853.0,1710.0,1284.0,2571.0,1288.0,424.0,850.0,1708.0,0.0,0.0,424.0,1428.0,1708.0
476,201.0,2017-12-03-23-38-46,401.0,202.0,0.0,801.0,1598.0,1198.0,2394.0,1196.0,402.0,802.0,1602.0,0.0,0.0,404.0,1234.0,1602.0
477,194.0,2017-12-03-23-38-47,390.0,196.0,0.0,780.0,1564.0,1172.0,2348.0,1172.0,388.0,780.0,1564.0,0.0,0.0,392.0,1202.0,1564.0
478,191.0,2017-12-03-23-38-48,383.0,190.0,0.0,765.0,1534.0,1150.0,2299.0,1146.0,382.0,766.0,1530.0,0.0,0.0,380.0,1030.0,1530.0
479,183.0,2017-12-03-23-38-49,366.0,183.0,0.0,732.0,1472.0,1104.0,2232.0,1104.0,366.0,734.0,1470.0,0.0,0.0,366.0,906.0,1470.0
480,175.0,2017-12-03-23-38-50,349.0,171.0,0.0,698.0,1384.0,1038.0,2067.0,1036.0,350.0,696.0,1380.0,0.0,0.0,342.0,780.0,1380.0
481,89.0,2017-12-03-23-38-50,176.0,89.0,0.0,355.0,704.0,528.0,1059.0,536.0,178.0,354.0,706.0,0.0,0.0,178.0,366.0,706.0
482,231.0,2017-12-03-23-38-51,420.0,233.0,0.0,836.0,1676.0,1260.0,2515.0,1254.0,422.0,838.0,1686.0,0.0,0.0,426.0,780.0,1686.0
483,199.0,2017-12-03-23-38-52,405.0,197.0,0.0,813.0,1628.0,1236.0,2443.0,1220.0,398.0,810.0,1610.0,0.0,0.0,394.0,702.0,1610.0
484,209.0,2017-12-03-23-38-53,412.0,230.0,0.0,823.0,1640.0,1234.0,2459.0,1230.0,418.0,824.0,1654.0,0.0,0.0,420.0,688.0,1654.0
485,200.0,2017-12-03-23-38-54,404.0,199.0,0.0,811.0,1614.0,1206.0,2420.0,1232.0,400.0,808.0,1604.0,0.0,0.0,398.0,652.0,1604.0
486,193.0,2017-12-03-23-38-55,383.0,195.0,0.0,762.0,1532.0,1152.0,2298.0,1144.0,386.0,766.0,1542.0,0.0,0.0,390.0,598.0,1542.0
487,193.0,2017-12-03-23-38-56,387.0,192.0,0.0,775.0,1548.0,1161.0,2319.0,1160.0,386.0,774.0,1546.0,0.0,0.0,384.0,574.0,1546.0
488,202.0,2017-12-03-23-38-57,402.0,202.0,0.0,806.0,1614.0,1231.0,2423.0,1234.0,404.0,806.0,1614.0,0.0,0.0,404.0,602.0,1614.0
489,223.0,2017-12-03-23-38-58,448.0,226.0,1.0,898.0,1804.0,1354.0,2720.0,1362.0,442.0,892.0,1806.0,0.0,0.0,452.0,696.0,1806.0
490,235.0,2017-12-03-23-38-59,424.0,208.0,8.0,848.0,1674.0,1256.0,2500.0,1256.0,430.0,848.0,1673.0,0.0,0.0,416.0,716.0,1674.0
491,193.0,2017-12-03-23-39-00,389.0,194.0,13.0,775.0,1564.0,1172.0,2350.0,1166.0,386.0,778.0,1560.0,0.0,0.0,389.0,680.0,1560.0
492,182.0,2017-12-03-23-39-01,367.0,185.0,16.0,737.0,1478.0,1108.0,2239.0,1112.0,364.0,734.0,1477.0,0.0,0.0,369.0,670.0,1476.0
493,200.0,2017-12-03-23-39-02,398.0,197.0,27.0,794.0,1584.0,1184.0,2369.0,1178.0,400.0,800.0,1578.0,0.0,0.0,394.0,750.0,1578.0
494,51.0,2017-12-03-23-39-03,102.0,55.0,8.0,206.0,416.0,318.0,634.0,326.0,102.0,200.0,428.0,0.0,0.0,110.0,238.0,430.0
495,135.0,2017-12-03-23-39-03,268.0,134.0,23.0,534.0,1066.0,800.0,1596.0,796.0,270.0,536.0,1068.0,0.0,0.0,268.0,510.0,1066.0
496,197.0,2017-12-03-23-39-04,397.0,197.0,68.0,795.0,1596.0,1196.0,2392.0,1194.0,394.0,794.0,1590.0,0.0,0.0,394.0,870.0,1590.0
497,230.0,2017-12-03-23-39-05,460.0,231.0,112.0,920.0,1836.0,1378.0,2758.0,1380.0,460.0,920.0,1840.0,0.0,0.0,462.0,1158.0,1840.0
498,181.0,2017-12-03-23-39-06,360.0,182.0,115.0,723.0,1434.0,1074.0,2348.0,1078.0,362.0,720.0,1438.0,0.0,0.0,364.0,984.0,1438.0
499,164.0,2017-12-03-23-39-07,328.0,160.0,143.0,654.0,1312.0,984.0,1965.0,978.0,328.0,656.0,1304.0,0.0,0.0,320.0,934.0,1304.0
500,197.0,2017-12-03-23-39-08,390.0,197.0,198.0,779.0,1552.0,1166.0,2327.0,1166.0,394.0,780.0,1560.0,0.0,0.0,394.0,1282.0,1560.0
501,150.0,2017-12-03-23-39-09,305.0,150.0,229.0,613.0,1232.0,922.0,1851.0,926.0,300.0,610.0,1222.0,0.0,0.0,300.0,1136.0,1222.0
502,155.0,2017-12-03-23-39-10,306.0,160.0,263.0,612.0,1238.0,930.0,1858.0,926.0,310.0,618.0,1250.0,0.0,0.0,320.0,1230.0,1250.0
503,92.0,2017-12-03-23-39-11,191.0,85.0,153.0,381.0,748.0,556.0,1123.0,560.0,184.0,376.0,726.0,0.0,0.0,170.0,700.0,726.0
504,148.0,2017-12-03-23-39-12,294.0,158.0,346.0,588.0,1186.0,894.0,1781.0,892.0,296.0,588.0,1230.0,0.0,0.0,316.0,1440.0,1230.0
505,158.0,2017-12-03-23-39-13,309.0,151.0,513.0,615.0,1234.0,912.0,1813.0,908.0,316.0,618.0,1234.0,0.0,0.0,302.0,1736.0,1234.0
506,178.0,2017-12-03-23-39-14,361.0,179.0,685.0,726.0,1462.0,1096.0,2393.0,1098.0,356.0,722.0,1454.0,0.0,0.0,358.0,2322.0,1454.0
507,190.0,2017-12-03-23-39-15,381.0,189.0,1049.0,762.0,1524.0,1140.0,2286.0,1140.0,380.0,764.0,1518.0,0.0,0.0,378.0,3156.0,1518.0
508,235.0,2017-12-03-23-39-16,427.0,236.0,1695.0,852.0,1708.0,1282.0,2562.0,1278.0,430.0,856.0,1714.0,0.0,0.0,432.0,4452.0,1714.0
509,56.0,2017-12-03-23-39-17,112.0,53.0,475.0,222.0,436.0,326.0,654.0,326.0,112.0,222.0,432.0,0.0,0.0,106.0,1206.0,432.0
510,139.0,2017-12-03-23-39-17,277.0,146.0,1423.0,556.0,1120.0,844.0,1686.0,848.0,278.0,554.0,1136.0,0.0,0.0,292.0,3498.0,1136.0
511,179.0,2017-12-03-23-39-18,359.0,172.0,1920.0,718.0,1418.0,1058.0,23.0,1060.0,357.0,716.0,1403.0,0.0,0.0,344.0,4556.0,1402.0
512,192.0,2017-12-03-23-39-19,384.0,193.0,2357.0,765.0,1542.0,1160.0,2316.0,1154.0,385.0,768.0,1545.0,0.0,0.0,386.0,5360.0,1546.0
513,151.0,2017-12-03-23-39-20,301.0,150.0,273.0,606.0,1200.0,899.0,1795.0,904.0,302.0,604.0,1200.0,0.0,0.0,300.0,1524.0,1200.0
514,159.0,2017-12-03-23-39-23,319.0,161.0,0.0,638.0,1288.0,965.0,1932.0,962.0,318.0,640.0,1286.0,0.0,0.0,322.0,1184.0,1286.0
515,154.0,2017-12-03-23-39-22,305.0,156.0,0.0,609.0,1236.0,916.0,1831.0,920.0,307.0,606.0,1229.0,0.0,0.0,312.0,1100.0,1228.0
516,158.0,2017-12-03-23-39-23,322.0,157.0,0.0,646.0,1286.0,960.0,1928.0,964.0,317.0,644.0,1273.0,0.0,0.0,314.0,1100.0,1274.0
517,151.0,2017-12-03-23-39-24,301.0,148.0,0.0,602.0,1200.0,901.0,1798.0,900.0,302.0,602.0,1198.0,0.0,0.0,296.0,1036.0,1198.0
518,148.0,2017-12-03-23-39-25,299.0,149.0,0.0,597.0,1206.0,903.0,1814.0,902.0,296.0,598.0,1200.0,0.0,0.0,298.0,1014.0,1200.0
519,164.0,2017-12-03-23-39-26,326.0,163.0,0.0,652.0,1292.0,968.0,1929.0,966.0,328.0,652.0,1294.0,0.0,0.0,326.0,1074.0,1294.0
520,169.0,2017-12-03-23-39-27,341.0,174.0,0.0,682.0,1380.0,1036.0,2081.0,1038.0,338.0,682.0,1384.0,0.0,0.0,348.0,910.0,1384.0
521,193.0,2017-12-03-23-39-28,383.0,191.0,0.0,766.0,1530.0,1150.0,2294.0,1150.0,386.0,766.0,1532.0,0.0,0.0,382.0,988.0,1532.0
522,233.0,2017-12-03-23-39-29,426.0,231.0,0.0,851.0,1698.0,1272.0,2541.0,1268.0,426.0,852.0,1694.0,0.0,0.0,422.0,1094.0,1694.0
523,208.0,2017-12-03-23-39-30,416.0,230.0,0.0,833.0,1660.0,1244.0,2488.0,1246.0,416.0,832.0,1664.0,0.0,0.0,420.0,1172.0,1664.0
524,46.0,2017-12-03-23-39-31,88.0,44.0,0.0,172.0,356.0,270.0,535.0,262.0,92.0,178.0,358.0,0.0,0.0,88.0,252.0,358.0
525,152.0,2017-12-03-23-39-31,307.0,154.0,0.0,617.0,1228.0,923.0,1846.0,928.0,304.0,612.0,1230.0,0.0,0.0,308.0,848.0,1230.0
526,191.0,2017-12-03-23-39-32,382.0,189.0,0.0,766.0,1526.0,1143.0,2285.0,1146.0,382.0,764.0,1520.0,0.0,0.0,378.0,1068.0,1520.0
527,184.0,2017-12-03-23-39-33,368.0,182.0,0.0,735.0,1466.0,1097.0,2395.0,1092.0,368.0,738.0,1462.0,0.0,0.0,364.0,966.0,1462.0
528,179.0,2017-12-03-23-39-34,349.0,179.0,0.0,697.0,1388.0,1051.0,2081.0,1052.0,358.0,694.0,1408.0,0.0,0.0,358.0,936.0,1408.0
529,138.0,2017-12-03-23-39-35,286.0,141.0,0.0,573.0,1164.0,868.0,1753.0,868.0,276.0,572.0,1150.0,0.0,0.0,282.0,748.0,1150.0
530,162.0,2017-12-03-23-39-36,323.0,161.0,0.0,641.0,1270.0,952.0,1904.0,954.0,324.0,642.0,1274.0,0.0,0.0,322.0,848.0,1274.0
531,162.0,2017-12-03-23-39-37,329.0,161.0,0.0,660.0,1326.0,992.0,1988.0,992.0,324.0,658.0,1315.0,0.0,0.0,323.0,856.0,1316.0
532,185.0,2017-12-03-23-39-38,365.0,190.0,0.0,728.0,1460.0,1100.0,2396.0,1100.0,370.0,730.0,1479.0,0.0,0.0,379.0,930.0,1478.0
533,189.0,2017-12-03-23-39-39,382.0,187.0,0.0,766.0,1534.0,1148.0,2304.0,1152.0,378.0,764.0,1522.0,0.0,0.0,374.0,912.0,1522.0
534,208.0,2017-12-03-23-39-40,404.0,204.0,1.0,794.0,1596.0,1202.0,2381.0,1172.0,416.0,810.0,1610.0,0.0,0.0,408.0,1526.0,1610.0
535,128.0,2017-12-03-23-39-41,270.0,129.0,0.0,553.0,1086.0,804.0,1635.0,832.0,256.0,538.0,1062.0,0.0,0.0,258.0,1020.0,1062.0
536,80.0,2017-12-03-23-39-42,158.0,80.0,0.0,316.0,642.0,486.0,968.0,486.0,160.0,316.0,646.0,0.0,0.0,160.0,552.0,646.0
537,89.0,2017-12-03-23-39-43,174.0,94.0,0.0,348.0,700.0,528.0,1049.0,526.0,178.0,350.0,716.0,0.0,0.0,188.0,626.0,716.0
538,198.0,2017-12-03-23-39-44,397.0,194.0,0.0,792.0,1584.0,1188.0,2374.0,1184.0,396.0,792.0,1576.0,0.0,0.0,388.0,1342.0,1576.0
539,200.0,2017-12-03-23-39-45,398.0,202.0,0.0,795.0,1586.0,1190.0,2379.0,1190.0,400.0,796.0,1594.0,0.0,0.0,404.0,1290.0,1594.0
540,54.0,2017-12-03-23-39-46,112.0,52.0,0.0,226.0,450.0,334.0,673.0,336.0,108.0,224.0,438.0,0.0,0.0,104.0,336.0,438.0
541,139.0,2017-12-03-23-39-46,275.0,142.0,0.0,550.0,1100.0,828.0,1650.0,828.0,278.0,550.0,1112.0,0.0,0.0,284.0,912.0,1112.0
542,189.0,2017-12-03-23-39-47,378.0,184.0,0.0,756.0,1504.0,1124.0,2249.0,1122.0,378.0,758.0,1492.0,0.0,0.0,368.0,1298.0,1492.0
543,186.0,2017-12-03-23-39-48,373.0,188.0,0.0,746.0,1496.0,1124.0,2249.0,1126.0,372.0,744.0,1500.0,0.0,0.0,376.0,1326.0,1500.0
544,251.0,2017-12-03-23-39-49,495.0,249.0,0.0,985.0,1974.0,1484.0,2958.0,1474.0,502.0,992.0,1982.0,0.0,0.0,498.0,1594.0,1982.0
545,201.0,2017-12-03-23-39-50,408.0,203.0,0.0,823.0,1648.0,1232.0,2474.0,1238.0,402.0,818.0,1638.0,0.0,0.0,406.0,1296.0,1638.0
546,193.0,2017-12-03-23-39-51,387.0,194.0,0.0,772.0,1538.0,1154.0,2308.0,1154.0,386.0,770.0,1542.0,0.0,0.0,388.0,1182.0,1544.0
547,193.0,2017-12-03-23-39-52,388.0,193.0,0.0,779.0,1554.0,1164.0,2332.0,1170.0,386.0,776.0,1550.0,0.0,0.0,386.0,1150.0,1548.0
548,178.0,2017-12-03-23-39-53,352.0,179.0,0.0,700.0,1408.0,1060.0,2312.0,1052.0,356.0,704.0,1418.0,0.0,0.0,358.0,990.0,1418.0
549,186.0,2017-12-03-23-39-54,377.0,184.0,0.0,756.0,1508.0,1126.0,2265.0,1132.0,372.0,754.0,1495.0,0.0,0.0,370.0,956.0,1496.0
550,201.0,2017-12-03-23-39-55,398.0,206.0,0.0,797.0,1598.0,1202.0,2400.0,1204.0,401.0,796.0,1614.0,0.0,0.0,410.0,968.0,1612.0
551,236.0,2017-12-03-23-39-56,474.0,235.0,0.0,948.0,1898.0,1424.0,2848.0,1424.0,473.0,948.0,1893.0,0.0,0.0,470.0,1080.0,1894.0
552,207.0,2017-12-03-23-39-57,414.0,205.0,0.0,828.0,1654.0,1238.0,2477.0,1236.0,414.0,830.0,1648.0,0.0,0.0,410.0,898.0,1648.0
553,144.0,2017-12-03-23-39-58,287.0,145.0,9.0,576.0,1152.0,866.0,1730.0,870.0,288.0,574.0,1156.0,0.0,0.0,290.0,686.0,1158.0
554,48.0,2017-12-03-23-39-58,97.0,50.0,4.0,192.0,390.0,292.0,586.0,288.0,96.0,194.0,392.0,0.0,0.0,100.0,228.0,391.0
555,193.0,2017-12-03-23-39-59,388.0,189.0,14.0,777.0,1540.0,1153.0,2307.0,1156.0,386.0,774.0,1532.0,0.0,0.0,378.0,900.0,1531.0
556,200.0,2017-12-03-23-40-00,398.0,202.0,30.0,794.0,1594.0,1197.0,2392.0,1194.0,400.0,796.0,1600.0,0.0,0.0,404.0,934.0,1600.0
557,192.0,2017-12-03-23-40-01,386.0,191.0,76.0,773.0,1544.0,1156.0,2313.0,1156.0,384.0,772.0,1538.0,0.0,0.0,382.0,1062.0,1538.0
558,188.0,2017-12-03-23-40-02,374.0,189.0,110.0,746.0,1496.0,1124.0,2247.0,1122.0,376.0,748.0,1502.0,0.0,0.0,378.0,1158.0,1502.0
559,234.0,2017-12-03-23-40-03,428.0,235.0,198.0,859.0,1718.0,1288.0,2574.0,1290.0,428.0,858.0,1718.0,0.0,0.0,430.0,1554.0,1718.0
560,201.0,2017-12-03-23-40-04,394.0,195.0,251.0,776.0,1556.0,1172.0,2330.0,1152.0,402.0,786.0,1563.0,0.0,0.0,391.0,1572.0,1564.0
561,192.0,2017-12-03-23-40-05,390.0,196.0,420.0,793.0,1572.0,1176.0,2364.0,1202.0,384.0,780.0,1567.0,0.0,0.0,391.0,1956.0,1566.0
562,200.0,2017-12-03-23-40-06,401.0,199.0,579.0,800.0,1600.0,1198.0,2395.0,1192.0,400.0,802.0,1596.0,0.0,0.0,398.0,2350.0,1596.0
563,199.0,2017-12-03-23-40-07,394.0,196.0,977.0,788.0,1572.0,1182.0,2353.0,1180.0,398.0,788.0,1574.0,0.0,0.0,392.0,3134.0,1574.0
564,195.0,2017-12-03-23-40-08,396.0,196.0,1220.0,792.0,1592.0,1188.0,2395.0,1190.0,390.0,794.0,1580.0,0.0,0.0,392.0,3460.0,1580.0
565,153.0,2017-12-03-23-40-09,301.0,155.0,1180.0,600.0,1230.0,914.0,1818.0,910.0,306.0,602.0,1224.0,0.0,0.0,310.0,3046.0,1224.0
566,209.0,2017-12-03-23-40-10,423.0,234.0,1922.0,849.0,1696.0,1270.0,2549.0,1278.0,418.0,844.0,1698.0,0.0,0.0,428.0,4756.0,1698.0
567,2.0,2017-12-03-23-40-10,0.0,1.0,6.0,1.0,2.0,2.0,1.0,2.0,3.0,2.0,5.0,0.0,0.0,2.0,14.0,4.0
568,188.0,2017-12-03-23-40-11,382.0,183.0,2023.0,764.0,1522.0,1136.0,2280.0,1136.0,377.0,764.0,1502.0,0.0,0.0,367.0,4724.0,1504.0
569,149.0,2017-12-03-23-40-12,294.0,148.0,1745.0,585.0,1166.0,879.0,1744.0,872.0,298.0,586.0,1175.0,0.0,0.0,295.0,3946.0,1174.0
570,148.0,2017-12-03-23-40-13,294.0,149.0,1623.0,587.0,1178.0,885.0,1765.0,882.0,296.0,588.0,1182.0,0.0,0.0,298.0,3658.0,1182.0
571,183.0,2017-12-03-23-40-14,367.0,185.0,1860.0,735.0,1472.0,1102.0,2233.0,1105.0,366.0,736.0,1472.0,0.0,0.0,370.0,4160.0,1472.0
572,178.0,2017-12-03-23-40-15,358.0,178.0,1414.0,716.0,1432.0,1074.0,2351.0,1077.0,356.0,714.0,1430.0,0.0,0.0,356.0,3234.0,1430.0
573,188.0,2017-12-03-23-40-16,371.0,186.0,1107.0,744.0,1482.0,1112.0,2233.0,1110.0,376.0,746.0,1484.0,0.0,0.0,372.0,2604.0,1484.0
574,181.0,2017-12-03-23-40-17,368.0,183.0,1019.0,735.0,1472.0,1102.0,2237.0,1106.0,362.0,732.0,1468.0,0.0,0.0,366.0,2422.0,1468.0
575,160.0,2017-12-03-23-40-18,318.0,160.0,897.0,637.0,1272.0,956.0,1905.0,956.0,320.0,636.0,1276.0,0.0,0.0,320.0,2318.0,1276.0
576,190.0,2017-12-03-23-40-19,384.0,188.0,363.0,769.0,1540.0,1153.0,2315.0,1156.0,380.0,768.0,1530.0,0.0,0.0,376.0,1536.0,1530.0
577,172.0,2017-12-03-23-40-20,339.0,174.0,0.0,676.0,1352.0,1015.0,2023.0,1010.0,344.0,680.0,1362.0,0.0,0.0,348.0,1100.0,1362.0
578,235.0,2017-12-03-23-40-23,433.0,235.0,0.0,867.0,1732.0,1298.0,2601.0,1302.0,430.0,864.0,1728.0,0.0,0.0,430.0,1254.0,1728.0
579,201.0,2017-12-03-23-40-22,402.0,202.0,0.0,804.0,1620.0,1236.0,2433.0,1234.0,402.0,806.0,1623.0,0.0,0.0,404.0,1296.0,1622.0
580,171.0,2017-12-03-23-40-23,340.0,168.0,0.0,679.0,1348.0,1010.0,2016.0,1008.0,342.0,680.0,1345.0,0.0,0.0,336.0,1004.0,1344.0
581,18.0,2017-12-03-23-40-23,39.0,17.0,0.0,77.0,156.0,116.0,231.0,112.0,36.0,76.0,150.0,0.0,0.0,34.0,100.0,150.0
582,193.0,2017-12-03-23-40-24,382.0,197.0,0.0,765.0,1528.0,1150.0,2298.0,1156.0,386.0,764.0,1544.0,0.0,0.0,394.0,1088.0,1544.0
583,158.0,2017-12-03-23-40-25,318.0,159.0,0.0,637.0,1276.0,956.0,1916.0,958.0,316.0,636.0,1274.0,0.0,0.0,318.0,852.0,1274.0
584,197.0,2017-12-03-23-40-26,390.0,192.0,0.0,777.0,1552.0,1164.0,2318.0,1154.0,394.0,782.0,1548.0,0.0,0.0,384.0,940.0,1548.0
585,227.0,2017-12-03-23-40-27,458.0,231.0,0.0,920.0,1850.0,1386.0,2781.0,1392.0,454.0,918.0,1848.0,0.0,0.0,462.0,1028.0,1848.0
586,192.0,2017-12-03-23-40-28,383.0,191.0,0.0,764.0,1518.0,1140.0,2279.0,1142.0,384.0,762.0,1522.0,0.0,0.0,382.0,792.0,1522.0
587,204.0,2017-12-03-23-40-29,405.0,202.0,0.0,811.0,1618.0,1234.0,2420.0,1232.0,408.0,812.0,1618.0,0.0,0.0,404.0,768.0,1618.0
588,166.0,2017-12-03-23-40-30,335.0,165.0,0.0,670.0,1336.0,1000.0,2005.0,1002.0,332.0,668.0,1330.0,0.0,0.0,330.0,592.0,1330.0
589,187.0,2017-12-03-23-40-31,368.0,189.0,0.0,736.0,1472.0,1113.0,2230.0,1112.0,374.0,734.0,1492.0,0.0,0.0,378.0,674.0,1492.0
590,190.0,2017-12-03-23-40-32,382.0,189.0,0.0,764.0,1536.0,1147.0,2302.0,1144.0,380.0,768.0,1524.0,0.0,0.0,378.0,632.0,1524.0
591,191.0,2017-12-03-23-40-33,386.0,196.0,0.0,771.0,1548.0,1160.0,2327.0,1160.0,382.0,770.0,1552.0,0.0,0.0,392.0,632.0,1552.0
592,200.0,2017-12-03-23-40-34,401.0,198.0,0.0,802.0,1606.0,1204.0,2410.0,1204.0,400.0,802.0,1600.0,0.0,0.0,396.0,682.0,1600.0
593,195.0,2017-12-03-23-40-35,393.0,191.0,1.0,788.0,1566.0,1172.0,2346.0,1176.0,390.0,784.0,1554.0,0.0,0.0,382.0,690.0,1554.0
594,195.0,2017-12-03-23-40-36,390.0,197.0,0.0,779.0,1566.0,1176.0,2355.0,1176.0,390.0,780.0,1570.0,0.0,0.0,394.0,1044.0,1570.0
595,14.0,2017-12-03-23-40-37,20.0,12.0,0.0,38.0,66.0,52.0,90.0,46.0,28.0,42.0,76.0,0.0,0.0,24.0,50.0,76.0
596,168.0,2017-12-03-23-40-37,342.0,169.0,0.0,687.0,1368.0,1022.0,2054.0,1030.0,336.0,682.0,1360.0,0.0,0.0,338.0,942.0,1360.0
597,201.0,2017-12-03-23-40-38,401.0,201.0,0.0,802.0,1614.0,1232.0,2423.0,1230.0,402.0,804.0,1614.0,0.0,0.0,402.0,1050.0,1614.0
598,195.0,2017-12-03-23-40-39,389.0,194.0,0.0,777.0,1547.0,1158.0,2317.0,1156.0,390.0,779.0,1546.0,0.0,0.0,388.0,944.0,1546.0
599,166.0,2017-12-03-23-40-40,334.0,169.0,0.0,668.0,1349.0,1016.0,2035.0,1020.0,332.0,665.0,1355.0,0.0,0.0,339.0,736.0,1356.0
600,198.0,2017-12-03-23-40-41,396.0,199.0,0.0,792.0,1580.0,1184.0,2365.0,1182.0,396.0,792.0,1582.0,0.0,0.0,398.0,888.0,1582.0
601,190.0,2017-12-03-23-40-42,377.0,190.0,0.0,752.0,1506.0,1132.0,2257.0,1126.0,380.0,754.0,1511.0,0.0,0.0,379.0,794.0,1510.0
602,193.0,2017-12-03-23-40-43,390.0,190.0,0.0,783.0,1558.0,1166.0,2339.0,1174.0,386.0,778.0,1546.0,0.0,0.0,380.0,858.0,1546.0
603,14.0,2017-12-03-23-40-44,22.0,15.0,0.0,44.0,82.0,64.0,120.0,64.0,28.0,46.0,94.0,0.0,0.0,30.0,64.0,94.0
604,110.0,2017-12-03-23-40-45,220.0,111.0,0.0,435.0,880.0,662.0,1323.0,654.0,220.0,438.0,884.0,0.0,0.0,222.0,510.0,884.0
605,154.0,2017-12-03-23-40-46,314.0,153.0,0.0,633.0,1264.0,944.0,1897.0,952.0,308.0,628.0,1250.0,0.0,0.0,306.0,666.0,1250.0
606,194.0,2017-12-03-23-40-47,385.0,192.0,0.0,767.0,1534.0,1150.0,2292.0,1140.0,388.0,772.0,1534.0,0.0,0.0,384.0,804.0,1534.0
607,165.0,2017-12-03-23-40-48,334.0,174.0,0.0,670.0,1348.0,1012.0,2037.0,1022.0,330.0,666.0,1360.0,0.0,0.0,348.0,726.0,1360.0
608,203.0,2017-12-03-23-40-49,402.0,199.0,0.0,801.0,1596.0,1198.0,2388.0,1192.0,406.0,804.0,1596.0,0.0,0.0,398.0,866.0,1596.0
609,199.0,2017-12-03-23-40-50,397.0,196.0,0.0,794.0,1586.0,1190.0,2378.0,1190.0,398.0,794.0,1582.0,0.0,0.0,392.0,850.0,1582.0
610,190.0,2017-12-03-23-40-51,383.0,192.0,0.0,768.0,1540.0,1154.0,2314.0,1158.0,380.0,766.0,1539.0,0.0,0.0,385.0,824.0,1540.0
611,4.0,2017-12-03-23-40-51,5.0,4.0,0.0,10.0,18.0,16.0,26.0,16.0,8.0,10.0,23.0,0.0,0.0,7.0,16.0,22.0
612,208.0,2017-12-03-23-40-52,413.0,206.0,0.0,825.0,1646.0,1234.0,2460.0,1228.0,416.0,828.0,1646.0,0.0,0.0,412.0,924.0,1646.0
613,232.0,2017-12-03-23-40-53,426.0,232.0,0.0,853.0,1706.0,1279.0,2563.0,1282.0,424.0,852.0,1704.0,0.0,0.0,424.0,898.0,1704.0
614,233.0,2017-12-03-23-40-54,463.0,232.0,16.0,925.0,1846.0,1387.0,2766.0,1386.0,466.0,924.0,1850.0,0.0,0.0,464.0,930.0,1850.0
615,234.0,2017-12-03-23-40-55,436.0,233.0,19.0,871.0,1744.0,1300.0,2616.0,1298.0,428.0,872.0,1726.0,0.0,0.0,426.0,888.0,1726.0
616,200.0,2017-12-03-23-40-56,400.0,204.0,40.0,804.0,1610.0,1230.0,2423.0,1220.0,400.0,800.0,1618.0,0.0,0.0,408.0,962.0,1618.0
617,198.0,2017-12-03-23-40-57,396.0,194.0,55.0,792.0,1580.0,1184.0,2365.0,1182.0,396.0,792.0,1572.0,0.0,0.0,388.0,982.0,1572.0
618,183.0,2017-12-03-23-40-58,367.0,183.0,105.0,733.0,1466.0,1098.0,2201.0,1098.0,366.0,734.0,1464.0,0.0,0.0,366.0,1060.0,1464.0
619,150.0,2017-12-03-23-40-59,297.0,153.0,119.0,594.0,1194.0,900.0,1794.0,900.0,300.0,594.0,1206.0,0.0,0.0,306.0,1038.0,1206.0
620,199.0,2017-12-03-23-41-00,396.0,198.0,239.0,792.0,1576.0,1182.0,2357.0,1180.0,398.0,792.0,1578.0,0.0,0.0,396.0,1488.0,1578.0
621,239.0,2017-12-03-23-41-01,443.0,223.0,344.0,887.0,1790.0,1342.0,2697.0,1346.0,438.0,886.0,1789.0,0.0,0.0,447.0,1890.0,1790.0
622,232.0,2017-12-03-23-41-02,418.0,207.0,418.0,834.0,1656.0,1244.0,2473.0,1238.0,424.0,836.0,1657.0,0.0,0.0,413.0,2018.0,1656.0
623,195.0,2017-12-03-23-41-03,393.0,195.0,499.0,787.0,1570.0,1174.0,2354.0,1176.0,390.0,786.0,1564.0,0.0,0.0,390.0,2070.0,1564.0
624,36.0,2017-12-03-23-41-04,74.0,38.0,106.0,149.0,310.0,234.0,472.0,234.0,72.0,148.0,310.0,0.0,0.0,76.0,428.0,310.0
625,165.0,2017-12-03-23-41-04,326.0,163.0,579.0,649.0,1298.0,972.0,1941.0,966.0,330.0,656.0,1298.0,0.0,0.0,326.0,2320.0,1298.0
626,161.0,2017-12-03-23-41-05,324.0,161.0,740.0,650.0,1294.0,972.0,1943.0,978.0,322.0,644.0,1294.0,0.0,0.0,322.0,2432.0,1294.0
627,147.0,2017-12-03-23-41-06,297.0,148.0,828.0,595.0,1194.0,894.0,1797.0,898.0,294.0,594.0,1191.0,0.0,0.0,297.0,2474.0,1192.0
628,168.0,2017-12-03-23-41-07,334.0,169.0,1089.0,668.0,1336.0,1004.0,2001.0,1002.0,336.0,668.0,1341.0,0.0,0.0,337.0,3106.0,1340.0
629,188.0,2017-12-03-23-41-08,374.0,188.0,1732.0,746.0,1490.0,1118.0,2232.0,1114.0,376.0,748.0,1494.0,0.0,0.0,376.0,4408.0,1494.0
630,179.0,2017-12-03-23-41-09,357.0,176.0,1724.0,715.0,1422.0,1066.0,2330.0,1068.0,358.0,714.0,1418.0,0.0,0.0,352.0,4198.0,1418.0
631,199.0,2017-12-03-23-41-10,400.0,199.0,2008.0,799.0,1600.0,1198.0,2403.0,1198.0,398.0,800.0,1596.0,0.0,0.0,398.0,4706.0,1596.0
632,196.0,2017-12-03-23-41-11,395.0,195.0,1878.0,789.0,1576.0,1178.0,2362.0,1176.0,392.0,790.0,1568.0,0.0,0.0,390.0,4336.0,1568.0
633,178.0,2017-12-03-23-41-12,357.0,179.0,1455.0,717.0,1436.0,1078.0,2355.0,1082.0,356.0,714.0,1436.0,0.0,0.0,358.0,3354.0,1436.0
634,167.0,2017-12-03-23-41-13,331.0,171.0,1102.0,660.0,1332.0,1004.0,2005.0,1002.0,334.0,662.0,1346.0,0.0,0.0,342.0,2598.0,1346.0
635,183.0,2017-12-03-23-41-14,360.0,182.0,1198.0,720.0,1434.0,1078.0,2345.0,1076.0,366.0,722.0,1442.0,0.0,0.0,364.0,2792.0,1442.0
636,161.0,2017-12-03-23-41-15,329.0,159.0,934.0,660.0,1322.0,988.0,1989.0,994.0,322.0,656.0,1306.0,0.0,0.0,318.0,2200.0,1306.0
637,65.0,2017-12-03-23-41-16,126.0,64.0,349.0,250.0,488.0,367.0,723.0,360.0,130.0,252.0,496.0,0.0,0.0,128.0,832.0,496.0
638,166.0,2017-12-03-23-41-17,335.0,167.0,862.0,670.0,1350.0,1011.0,2030.0,1012.0,332.0,670.0,1344.0,0.0,0.0,334.0,2076.0,1344.0
639,163.0,2017-12-03-23-41-18,329.0,163.0,815.0,658.0,1312.0,980.0,1969.0,981.0,326.0,658.0,1306.0,0.0,0.0,326.0,1964.0,1306.0
640,196.0,2017-12-03-23-41-19,383.0,195.0,651.0,763.0,1524.0,1150.0,2279.0,1143.0,392.0,766.0,1540.0,0.0,0.0,390.0,1896.0,1540.0
641,186.0,2017-12-03-23-41-20,379.0,186.0,0.0,762.0,1528.0,1142.0,2298.0,1150.0,372.0,758.0,1514.0,0.0,0.0,372.0,1128.0,1514.0
642,188.0,2017-12-03-23-41-23,374.0,191.0,0.0,747.0,1500.0,1128.0,2252.0,1126.0,376.0,748.0,1510.0,0.0,0.0,382.0,1112.0,1510.0
643,179.0,2017-12-03-23-41-22,357.0,180.0,0.0,716.0,1438.0,1078.0,2356.0,1078.0,358.0,718.0,1438.0,0.0,0.0,360.0,1022.0,1438.0
644,187.0,2017-12-03-23-41-23,370.0,187.0,0.0,738.0,1468.0,1104.0,2202.0,1104.0,374.0,738.0,1478.0,0.0,0.0,374.0,994.0,1478.0
645,188.0,2017-12-03-23-41-24,376.0,185.0,0.0,751.0,1498.0,1122.0,2241.0,1118.0,376.0,752.0,1492.0,0.0,0.0,370.0,932.0,1492.0
646,172.0,2017-12-03-23-41-25,352.0,173.0,0.0,707.0,1422.0,1064.0,2343.0,1072.0,344.0,702.0,1410.0,0.0,0.0,346.0,828.0,1410.0
647,176.0,2017-12-03-23-41-26,349.0,175.0,0.0,694.0,1384.0,1038.0,2067.0,1028.0,352.0,698.0,1388.0,0.0,0.0,350.0,768.0,1388.0
648,158.0,2017-12-03-23-41-27,320.0,163.0,0.0,644.0,1294.0,970.0,1951.0,980.0,316.0,640.0,1296.0,0.0,0.0,326.0,662.0,1296.0
649,177.0,2017-12-03-23-41-28,349.0,174.0,0.0,697.0,1382.0,1038.0,2069.0,1038.0,354.0,698.0,1386.0,0.0,0.0,348.0,690.0,1386.0
650,193.0,2017-12-03-23-41-29,388.0,189.0,0.0,775.0,1556.0,1164.0,2333.0,1160.0,386.0,778.0,1543.0,0.0,0.0,379.0,706.0,1544.0
651,192.0,2017-12-03-23-41-30,382.0,194.0,0.0,764.0,1520.0,1142.0,2276.0,1142.0,384.0,762.0,1529.0,0.0,0.0,387.0,690.0,1528.0
652,98.0,2017-12-03-23-41-31,196.0,98.0,0.0,393.0,786.0,588.0,1180.0,590.0,196.0,394.0,785.0,0.0,0.0,198.0,358.0,786.0
653,104.0,2017-12-03-23-41-31,209.0,106.0,0.0,418.0,844.0,636.0,1273.0,638.0,208.0,416.0,847.0,0.0,0.0,230.0,392.0,846.0
654,178.0,2017-12-03-23-41-32,355.0,178.0,0.0,711.0,1422.0,1065.0,2328.0,1062.0,355.0,712.0,1423.0,0.0,0.0,356.0,642.0,1422.0
655,161.0,2017-12-03-23-41-33,317.0,159.0,0.0,632.0,1254.0,945.0,1877.0,944.0,323.0,632.0,1261.0,0.0,0.0,318.0,574.0,1262.0
656,138.0,2017-12-03-23-41-34,283.0,138.0,0.0,567.0,1142.0,852.0,1715.0,852.0,276.0,566.0,1128.0,0.0,0.0,276.0,530.0,1128.0
657,165.0,2017-12-03-23-41-35,328.0,164.0,0.0,657.0,1306.0,977.0,1956.0,978.0,330.0,660.0,1306.0,0.0,0.0,328.0,626.0,1306.0
658,168.0,2017-12-03-23-41-36,335.0,170.0,0.0,669.0,1344.0,1015.0,2023.0,1014.0,336.0,666.0,1354.0,0.0,0.0,340.0,670.0,1354.0
659,183.0,2017-12-03-23-41-37,366.0,184.0,1.0,729.0,1464.0,1096.0,2399.0,1094.0,366.0,732.0,1464.0,0.0,0.0,368.0,942.0,1464.0
660,185.0,2017-12-03-23-41-38,367.0,186.0,0.0,733.0,1470.0,1104.0,2200.0,1098.0,370.0,736.0,1476.0,0.0,0.0,372.0,1010.0,1476.0
661,196.0,2017-12-03-23-41-39,397.0,192.0,0.0,799.0,1586.0,1186.0,2381.0,1198.0,392.0,792.0,1570.0,0.0,0.0,384.0,1028.0,1570.0
662,194.0,2017-12-03-23-41-40,387.0,201.0,0.0,773.0,1550.0,1164.0,2329.0,1164.0,388.0,774.0,1566.0,0.0,0.0,402.0,1014.0,1566.0
663,227.0,2017-12-03-23-41-41,455.0,220.0,0.0,909.0,1814.0,1359.0,2718.0,1356.0,454.0,910.0,1800.0,0.0,0.0,440.0,1080.0,1800.0
664,233.0,2017-12-03-23-41-42,466.0,234.0,0.0,932.0,1864.0,1397.0,2794.0,1398.0,466.0,932.0,1864.0,0.0,0.0,468.0,1164.0,1864.0
665,231.0,2017-12-03-23-41-43,452.0,230.0,0.0,906.0,1806.0,1362.0,2702.0,1362.0,462.0,906.0,1822.0,0.0,0.0,460.0,1070.0,1822.0
666,135.0,2017-12-03-23-41-44,281.0,136.0,0.0,560.0,1124.0,834.0,1689.0,832.0,270.0,560.0,1106.0,0.0,0.0,272.0,632.0,1106.0
667,132.0,2017-12-03-23-41-44,262.0,132.0,0.0,526.0,1056.0,792.0,1582.0,792.0,264.0,528.0,1056.0,0.0,0.0,264.0,616.0,1056.0
668,270.0,2017-12-03-23-41-45,542.0,273.0,0.0,1084.0,2374.0,1632.0,3270.0,1636.0,540.0,1082.0,2378.0,0.0,0.0,546.0,1222.0,2378.0
669,247.0,2017-12-03-23-41-46,493.0,243.0,0.0,984.0,1956.0,1466.0,2929.0,1464.0,494.0,984.0,1952.0,0.0,0.0,486.0,1084.0,1952.0
670,158.0,2017-12-03-23-41-47,320.0,161.0,0.0,639.0,1292.0,968.0,1944.0,966.0,316.0,640.0,1290.0,0.0,0.0,322.0,688.0,1290.0
671,47.0,2017-12-03-23-41-48,88.0,45.0,0.0,174.0,346.0,264.0,510.0,256.0,94.0,176.0,354.0,0.0,0.0,90.0,174.0,354.0
672,235.0,2017-12-03-23-41-49,431.0,235.0,0.0,866.0,1722.0,1290.0,2582.0,1298.0,430.0,862.0,1720.0,0.0,0.0,430.0,906.0,1720.0
673,244.0,2017-12-03-23-41-50,491.0,247.0,3.0,982.0,1972.0,1478.0,2967.0,1480.0,488.0,982.0,1973.0,0.0,0.0,495.0,946.0,1974.0
674,300.0,2017-12-03-23-41-51,599.0,299.0,8.0,1199.0,2400.0,1800.0,3600.0,1802.0,600.0,1200.0,2397.0,0.0,0.0,597.0,1144.0,2396.0
675,297.0,2017-12-03-23-41-52,594.0,296.0,22.0,1187.0,2370.0,1778.0,3555.0,1778.0,594.0,1186.0,2370.0,0.0,0.0,592.0,1252.0,2370.0
676,297.0,2017-12-03-23-41-53,593.0,300.0,29.0,1186.0,2368.0,1776.0,3550.0,1776.0,594.0,1186.0,2376.0,0.0,0.0,600.0,1270.0,2376.0
677,306.0,2017-12-03-23-41-54,613.0,304.0,71.0,1226.0,2456.0,1842.0,3686.0,1842.0,612.0,1226.0,2450.0,0.0,0.0,608.0,1464.0,2450.0
678,30.0,2017-12-03-23-41-55,55.0,28.0,7.0,108.0,220.0,166.0,324.0,158.0,60.0,112.0,223.0,0.0,0.0,56.0,142.0,224.0
679,279.0,2017-12-03-23-41-55,559.0,280.0,144.0,1120.0,2230.0,1674.0,3345.0,1680.0,558.0,1116.0,2233.0,0.0,0.0,560.0,1524.0,2232.0
680,316.0,2017-12-03-23-41-56,636.0,319.0,227.0,1272.0,2556.0,1914.0,3840.0,1914.0,632.0,1274.0,2552.0,0.0,0.0,638.0,2014.0,2552.0
681,309.0,2017-12-03-23-41-57,616.0,304.0,302.0,1231.0,2452.0,1841.0,3672.0,1836.0,618.0,1230.0,2450.0,0.0,0.0,608.0,2232.0,2450.0
682,313.0,2017-12-03-23-41-58,625.0,314.0,570.0,1249.0,2496.0,1871.0,3742.0,1872.0,626.0,1250.0,2498.0,0.0,0.0,628.0,2740.0,2498.0
683,304.0,2017-12-03-23-41-59,609.0,303.0,863.0,1237.0,2444.0,1834.0,3670.0,1832.0,608.0,1238.0,2440.0,0.0,0.0,606.0,3420.0,2440.0
684,299.0,2017-12-03-23-42-00,598.0,300.0,1236.0,1197.0,2390.0,1792.0,3587.0,1796.0,598.0,1196.0,2393.0,0.0,0.0,601.0,4170.0,2394.0
685,307.0,2017-12-03-23-42-01,616.0,308.0,1893.0,1235.0,2468.0,1851.0,3701.0,1854.0,614.0,1232.0,2467.0,0.0,0.0,615.0,5556.0,2466.0
686,281.0,2017-12-03-23-42-02,563.0,281.0,2423.0,1124.0,2254.0,1689.0,3383.0,1688.0,562.0,1126.0,2250.0,0.0,0.0,562.0,6238.0,2250.0
687,30.0,2017-12-03-23-42-02,57.0,28.0,305.0,115.0,220.0,165.0,323.0,164.0,60.0,116.0,222.0,0.0,0.0,56.0,756.0,222.0
688,296.0,2017-12-03-23-42-03,595.0,301.0,3580.0,1189.0,2394.0,1797.0,3601.0,1798.0,592.0,1188.0,2398.0,0.0,0.0,602.0,8276.0,2398.0
689,306.0,2017-12-03-23-42-04,610.0,302.0,2907.0,1220.0,2430.0,1820.0,3634.0,1816.0,612.0,1222.0,2424.0,0.0,0.0,604.0,6602.0,2424.0
690,314.0,2017-12-03-23-42-05,629.0,317.0,2236.0,1259.0,2516.0,1888.0,3777.0,1892.0,628.0,1256.0,2522.0,0.0,0.0,634.0,5160.0,2522.0
691,290.0,2017-12-03-23-42-06,581.0,292.0,1655.0,1163.0,2334.0,1752.0,3509.0,1756.0,580.0,1162.0,2336.0,0.0,0.0,584.0,3916.0,2336.0
692,317.0,2017-12-03-23-42-07,628.0,315.0,1486.0,1251.0,2498.0,1874.0,3740.0,1864.0,633.0,1256.0,2505.0,0.0,0.0,630.0,3603.0,2504.0
693,297.0,2017-12-03-23-42-08,596.0,293.0,18.0,1193.0,2380.0,1784.0,3568.0,1786.0,595.0,1192.0,2369.0,0.0,0.0,586.0,1567.0,2370.0
694,297.0,2017-12-03-23-42-09,597.0,296.0,0.0,1197.0,2396.0,1796.0,3595.0,1800.0,594.0,1194.0,2388.0,0.0,0.0,592.0,1568.0,2388.0
695,187.0,2017-12-03-23-42-10,370.0,192.0,0.0,742.0,1484.0,1116.0,2229.0,1118.0,374.0,742.0,1500.0,0.0,0.0,384.0,1036.0,1500.0
696,95.0,2017-12-03-23-42-10,193.0,97.0,0.0,385.0,774.0,578.0,1161.0,578.0,190.0,386.0,772.0,0.0,0.0,194.0,496.0,772.0
697,310.0,2017-12-03-23-42-11,622.0,305.0,0.0,1243.0,2482.0,1860.0,3717.0,1856.0,620.0,1242.0,2470.0,0.0,0.0,610.0,1524.0,2470.0
698,301.0,2017-12-03-23-42-12,601.0,303.0,0.0,1202.0,2406.0,1806.0,3616.0,1810.0,602.0,1202.0,2412.0,0.0,0.0,606.0,1372.0,2412.0
699,271.0,2017-12-03-23-42-13,541.0,270.0,0.0,1080.0,2362.0,1622.0,3239.0,1616.0,542.0,1082.0,2362.0,0.0,0.0,540.0,1264.0,2362.0
700,296.0,2017-12-03-23-42-14,589.0,296.0,0.0,1177.0,2348.0,1762.0,3518.0,1760.0,592.0,1178.0,2354.0,0.0,0.0,592.0,1372.0,2354.0
701,299.0,2017-12-03-23-42-15,600.0,299.0,0.0,1201.0,2406.0,1800.0,3609.0,1800.0,598.0,1204.0,2398.0,0.0,0.0,598.0,1358.0,2398.0
702,310.0,2017-12-03-23-42-16,623.0,310.0,0.0,1243.0,2482.0,1864.0,3725.0,1868.0,620.0,1238.0,2484.0,0.0,0.0,620.0,1328.0,2484.0
703,320.0,2017-12-03-23-42-17,635.0,319.0,1.0,1272.0,2542.0,1910.0,3810.0,1910.0,640.0,1272.0,2548.0,0.0,0.0,638.0,1712.0,2548.0
704,201.0,2017-12-03-23-42-18,407.0,202.0,0.0,813.0,1632.0,1224.0,2459.0,1228.0,402.0,810.0,1628.0,0.0,0.0,404.0,1320.0,1628.0
705,251.0,2017-12-03-23-42-19,503.0,250.0,0.0,1007.0,2008.0,1505.0,3007.0,1504.0,502.0,1006.0,2006.0,0.0,0.0,500.0,1554.0,2006.0
706,281.0,2017-12-03-23-42-20,562.0,283.0,0.0,1123.0,2256.0,1693.0,3385.0,1690.0,562.0,1124.0,2258.0,0.0,0.0,566.0,1590.0,2258.0
707,307.0,2017-12-03-23-42-23,610.0,305.0,0.0,1239.0,2426.0,1820.0,3638.0,1822.0,614.0,1220.0,2431.0,0.0,0.0,611.0,1584.0,2432.0
708,314.0,2017-12-03-23-42-22,627.0,317.0,0.0,1252.0,2512.0,1887.0,3770.0,1882.0,628.0,1254.0,2523.0,0.0,0.0,633.0,1474.0,2520.0
709,310.0,2017-12-03-23-42-23,619.0,306.0,0.0,1237.0,2472.0,1851.0,3698.0,1846.0,620.0,1240.0,2462.0,0.0,0.0,612.0,1284.0,2462.0
710,290.0,2017-12-03-23-42-24,585.0,293.0,0.0,1173.0,2346.0,1758.0,3528.0,1768.0,580.0,1168.0,2344.0,0.0,0.0,586.0,1142.0,2344.0
711,306.0,2017-12-03-23-42-25,611.0,305.0,0.0,1223.0,2442.0,1833.0,3662.0,1834.0,612.0,1222.0,2444.0,0.0,0.0,610.0,1166.0,2444.0
712,232.0,2017-12-03-23-42-26,419.0,234.0,0.0,837.0,1678.0,1261.0,2514.0,1256.0,424.0,840.0,1688.0,0.0,0.0,428.0,822.0,1688.0
713,303.0,2017-12-03-23-42-27,615.0,301.0,3.0,1231.0,2462.0,1840.0,3697.0,1844.0,606.0,1228.0,2442.0,0.0,0.0,602.0,1194.0,2442.0
714,8.0,2017-12-03-23-42-28,11.0,10.0,0.0,23.0,40.0,36.0,61.0,36.0,16.0,20.0,56.0,0.0,0.0,20.0,40.0,56.0
715,296.0,2017-12-03-23-42-28,591.0,292.0,26.0,1180.0,2358.0,1766.0,3528.0,1758.0,592.0,1184.0,2350.0,0.0,0.0,584.0,1268.0,2350.0
716,285.0,2017-12-03-23-42-29,575.0,288.0,46.0,1151.0,2308.0,1730.0,3472.0,1736.0,570.0,1148.0,2307.0,0.0,0.0,577.0,1252.0,2308.0
717,302.0,2017-12-03-23-42-30,604.0,302.0,64.0,1209.0,2414.0,1810.0,3620.0,1812.0,604.0,1208.0,2413.0,0.0,0.0,603.0,1504.0,2412.0
718,307.0,2017-12-03-23-42-31,604.0,305.0,125.0,1206.0,2414.0,1816.0,3614.0,1808.0,614.0,1232.0,2426.0,0.0,0.0,610.0,1624.0,2426.0
719,298.0,2017-12-03-23-42-32,605.0,301.0,183.0,1234.0,2428.0,1818.0,3652.0,1830.0,596.0,1206.0,2420.0,0.0,0.0,602.0,1726.0,2420.0
720,310.0,2017-12-03-23-42-33,623.0,311.0,328.0,1241.0,2485.0,1862.0,3726.0,1858.0,620.0,1242.0,2484.0,0.0,0.0,622.0,2358.0,2484.0
721,307.0,2017-12-03-23-42-34,613.0,302.0,515.0,1225.0,2445.0,1834.0,3663.0,1832.0,614.0,1226.0,2438.0,0.0,0.0,604.0,2644.0,2438.0
722,298.0,2017-12-03-23-42-35,589.0,297.0,808.0,1180.0,2350.0,1766.0,3519.0,1768.0,596.0,1180.0,2360.0,0.0,0.0,594.0,3268.0,2360.0
723,65.0,2017-12-03-23-42-36,134.0,66.0,222.0,264.0,530.0,396.0,798.0,390.0,130.0,266.0,528.0,0.0,0.0,132.0,834.0,528.0
724,246.0,2017-12-03-23-42-36,492.0,247.0,1066.0,985.0,1976.0,1482.0,2965.0,1484.0,492.0,984.0,1976.0,0.0,0.0,494.0,3632.0,1976.0
725,302.0,2017-12-03-23-42-37,603.0,304.0,1905.0,1208.0,2422.0,1816.0,3632.0,1816.0,604.0,1230.0,2424.0,0.0,0.0,608.0,5548.0,2424.0
726,315.0,2017-12-03-23-42-38,626.0,314.0,2604.0,1249.0,2498.0,1876.0,3747.0,1872.0,630.0,1252.0,2504.0,0.0,0.0,628.0,6734.0,2504.0
727,301.0,2017-12-03-23-42-39,610.0,304.0,2977.0,1223.0,2444.0,1830.0,3674.0,1840.0,602.0,1236.0,2438.0,0.0,0.0,608.0,7188.0,2438.0
728,291.0,2017-12-03-23-42-40,582.0,289.0,2364.0,1164.0,2328.0,1746.0,3492.0,1746.0,582.0,1164.0,2324.0,0.0,0.0,578.0,5368.0,2324.0
729,301.0,2017-12-03-23-42-41,602.0,304.0,0.0,1203.0,2406.0,1804.0,3608.0,1802.0,602.0,1204.0,2412.0,0.0,0.0,608.0,1776.0,2412.0
730,308.0,2017-12-03-23-42-42,615.0,304.0,0.0,1231.0,2452.0,1838.0,3674.0,1840.0,616.0,1230.0,2446.0,0.0,0.0,608.0,1712.0,2446.0
731,261.0,2017-12-03-23-42-43,514.0,259.0,0.0,1026.0,2061.0,1552.0,3086.0,1542.0,522.0,1031.0,2070.0,0.0,0.0,518.0,1462.0,2070.0
732,51.0,2017-12-03-23-42-43,104.0,51.0,0.0,230.0,417.0,310.0,625.0,314.0,102.0,209.0,412.0,0.0,0.0,102.0,320.0,412.0
733,310.0,2017-12-03-23-42-44,627.0,313.0,0.0,1253.0,2510.0,1881.0,3772.0,1882.0,620.0,1250.0,2508.0,0.0,0.0,626.0,1810.0,2508.0
734,294.0,2017-12-03-23-42-45,588.0,291.0,0.0,1177.0,2346.0,1757.0,3519.0,1762.0,588.0,1176.0,2338.0,0.0,0.0,582.0,1532.0,2338.0
735,300.0,2017-12-03-23-42-46,599.0,300.0,0.0,1197.0,2400.0,1802.0,3599.0,1798.0,600.0,1198.0,2402.0,0.0,0.0,600.0,1520.0,2402.0
736,311.0,2017-12-03-23-42-47,623.0,313.0,0.0,1248.0,2496.0,1872.0,3746.0,1876.0,622.0,1246.0,2498.0,0.0,0.0,626.0,1598.0,2498.0
737,315.0,2017-12-03-23-42-48,625.0,314.0,0.0,1249.0,2502.0,1880.0,3754.0,1876.0,630.0,1252.0,2507.0,0.0,0.0,628.0,1576.0,2508.0
738,246.0,2017-12-03-23-42-49,495.0,247.0,0.0,989.0,1978.0,1482.0,2966.0,1482.0,492.0,988.0,1977.0,0.0,0.0,494.0,1106.0,1976.0
739,140.0,2017-12-03-23-42-50,275.0,137.0,0.0,552.0,1080.0,810.0,1613.0,816.0,280.0,550.0,1084.0,0.0,0.0,274.0,640.0,1084.0
740,131.0,2017-12-03-23-42-51,270.0,135.0,0.0,538.0,1098.0,820.0,1653.0,814.0,262.0,540.0,1090.0,0.0,0.0,270.0,656.0,1090.0
741,303.0,2017-12-03-23-42-52,602.0,301.0,0.0,1203.0,2408.0,1808.0,3606.0,1802.0,606.0,1206.0,2410.0,0.0,0.0,602.0,1334.0,2410.0
742,122.0,2017-12-03-23-42-53,246.0,123.0,0.0,493.0,978.0,732.0,1473.0,740.0,244.0,490.0,978.0,0.0,0.0,246.0,508.0,980.0
743,184.0,2017-12-03-23-42-53,369.0,186.0,0.0,740.0,1484.0,1114.0,2230.0,1118.0,368.0,738.0,1486.0,0.0,0.0,372.0,856.0,1484.0
744,306.0,2017-12-03-23-42-54,615.0,304.0,1.0,1229.0,2460.0,1842.0,3684.0,1836.0,612.0,1230.0,2451.0,0.0,0.0,609.0,2088.0,2452.0
745,310.0,2017-12-03-23-42-55,614.0,307.0,0.0,1227.0,2442.0,1832.0,3656.0,1830.0,620.0,1230.0,2445.0,0.0,0.0,613.0,2330.0,2444.0
746,290.0,2017-12-03-23-42-56,586.0,294.0,0.0,1174.0,2354.0,1766.0,3544.0,1774.0,580.0,1168.0,2354.0,0.0,0.0,588.0,1958.0,2354.0
747,309.0,2017-12-03-23-42-57,612.0,311.0,0.0,1220.0,2444.0,1838.0,3664.0,1830.0,618.0,1224.0,2460.0,0.0,0.0,622.0,1972.0,2460.0
748,314.0,2017-12-03-23-42-58,633.0,312.0,0.0,1269.0,2540.0,1902.0,3814.0,1908.0,628.0,1266.0,2526.0,0.0,0.0,624.0,1886.0,2526.0
749,313.0,2017-12-03-23-42-59,623.0,316.0,0.0,1245.0,2486.0,1866.0,3726.0,1864.0,626.0,1246.0,2498.0,0.0,0.0,632.0,1712.0,2498.0
750,289.0,2017-12-03-23-43-00,581.0,286.0,0.0,1163.0,2324.0,1740.0,3481.0,1740.0,578.0,1162.0,2312.0,0.0,0.0,572.0,1526.0,2312.0
751,196.0,2017-12-03-23-43-01,384.0,193.0,0.0,768.0,1529.0,1153.0,2291.0,1152.0,392.0,769.0,1540.0,0.0,0.0,386.0,998.0,1540.0
752,92.0,2017-12-03-23-43-01,186.0,97.0,0.0,370.0,751.0,563.0,1129.0,560.0,184.0,371.0,756.0,0.0,0.0,194.0,444.0,756.0
753,313.0,2017-12-03-23-43-02,623.0,310.0,0.0,1248.0,2494.0,1870.0,3739.0,1872.0,626.0,1250.0,2490.0,0.0,0.0,620.0,1460.0,2490.0
754,313.0,2017-12-03-23-43-03,634.0,311.0,0.0,1269.0,2528.0,1890.0,3791.0,1894.0,626.0,1264.0,2512.0,0.0,0.0,622.0,1288.0,2512.0
755,312.0,2017-12-03-23-43-04,620.0,314.0,4.0,1238.0,2486.0,1870.0,3732.0,1866.0,624.0,1240.0,2498.0,0.0,0.0,628.0,1280.0,2498.0
756,305.0,2017-12-03-23-43-05,611.0,305.0,36.0,1224.0,2450.0,1837.0,3678.0,1840.0,609.0,1222.0,2449.0,0.0,0.0,610.0,1380.0,2448.0
757,307.0,2017-12-03-23-43-06,616.0,308.0,101.0,1232.0,2462.0,1845.0,3695.0,1848.0,615.0,1232.0,2460.0,0.0,0.0,617.0,1552.0,2462.0
758,300.0,2017-12-03-23-43-07,598.0,300.0,233.0,1195.0,2386.0,1790.0,3574.0,1788.0,600.0,1196.0,2389.0,0.0,0.0,599.0,1986.0,2388.0
759,301.0,2017-12-03-23-43-08,600.0,301.0,462.0,1200.0,2402.0,1802.0,3595.0,1796.0,602.0,1202.0,2404.0,0.0,0.0,602.0,2608.0,2404.0
760,242.0,2017-12-03-23-43-09,486.0,238.0,683.0,971.0,1940.0,1454.0,2914.0,1454.0,484.0,970.0,1930.0,0.0,0.0,476.0,2864.0,1930.0
761,65.0,2017-12-03-23-43-09,133.0,67.0,240.0,267.0,536.0,400.0,809.0,406.0,130.0,266.0,534.0,0.0,0.0,134.0,908.0,534.0
762,258.0,2017-12-03-23-43-10,511.0,256.0,1500.0,1020.0,2042.0,1534.0,3059.0,1528.0,516.0,1024.0,2047.0,0.0,0.0,513.0,4702.0,2048.0
763,306.0,2017-12-03-23-43-11,615.0,311.0,3147.0,1232.0,2472.0,1856.0,3705.0,1854.0,612.0,1228.0,2477.0,0.0,0.0,623.0,8152.0,2476.0
764,289.0,2017-12-03-23-43-12,579.0,285.0,3158.0,1159.0,2310.0,1730.0,3471.0,1738.0,578.0,1158.0,2300.0,0.0,0.0,570.0,7462.0,2300.0
765,299.0,2017-12-03-23-43-13,596.0,300.0,3406.0,1189.0,2376.0,1780.0,3557.0,1772.0,598.0,1194.0,2380.0,0.0,0.0,600.0,7776.0,2380.0
766,310.0,2017-12-03-23-43-14,622.0,311.0,2807.0,1245.0,2494.0,1870.0,3747.0,1874.0,620.0,1244.0,2492.0,0.0,0.0,622.0,6358.0,2492.0
767,308.0,2017-12-03-23-43-15,614.0,306.0,2084.0,1229.0,2454.0,1842.0,3677.0,1842.0,616.0,1228.0,2455.0,0.0,0.0,613.0,4820.0,2456.0
768,302.0,2017-12-03-23-43-16,602.0,305.0,328.0,1202.0,2404.0,1806.0,3610.0,1806.0,604.0,1202.0,2416.0,0.0,0.0,610.0,2086.0,2416.0
769,64.0,2017-12-03-23-43-17,128.0,66.0,0.0,259.0,517.0,388.0,776.0,392.0,127.0,256.0,520.0,0.0,0.0,131.0,390.0,520.0
